questionId,externalId,topic,subtopic,difficulty
f1bfbed3,52a8f1cb-bff4-4dcb-b455-fbc202e8513c,Information and Ideas,Inferences,H
87aa7bab,c41ebd08-a19c-44e2-a621-3e50ac34dcd2,Information and Ideas,Central Ideas and Details,M
d73a908a,30511484-9757-45d7-958f-cf06ed690b94,Information and Ideas,Central Ideas and Details,M
d748c3fd,34993994-d6c5-4708-a99e-263ff6b8b604,Information and Ideas,Inferences,M
6b8a7c74,8555f0c4-2d61-4e72-8296-f46b4e8cad27,Information and Ideas,Inferences,H
a15b3219,40e7dbe5-a37f-471d-bf2a-66c7e950d5d3,Information and Ideas,Command of Evidence,H
ed314256,9143317f-29a7-4559-930f-3895f4457c7d,Information and Ideas,Central Ideas and Details,H
8c1be131,eddf2dbd-c0cb-4ca1-bea8-c6e522b4c743,Information and Ideas,Central Ideas and Details,M
92c2564d,e5ffa0e4-1fea-42ae-b997-44eed4a8e733,Information and Ideas,Central Ideas and Details,M
22e4d633,c4d80f10-e0f8-4466-bc5a-e45343eceed5,Information and Ideas,Command of Evidence,M
458b4a11,0ab248c5-2e6c-4eb5-adb7-eec1beae9ae8,Information and Ideas,Central Ideas and Details,H
0d7f4966,a34fe949-4c0c-463d-a566-a28ea8069426,Information and Ideas,Command of Evidence,H
3543e6e2,8f3764da-9e5e-4406-8b84-4c3a91358727,Information and Ideas,Central Ideas and Details,E
75e07a4d,38d454cc-7da0-46c5-8fa3-9f57526c1baa,Information and Ideas,Command of Evidence,E
1ba5ad7a,0d14ed05-7101-4b7c-9ad8-f817a8ee4705,Information and Ideas,Central Ideas and Details,H
602b47c7,8867acef-9776-4099-b6bc-f5059e8a9574,Information and Ideas,Central Ideas and Details,M
068f939b,c776357f-bef8-451f-ad4f-fcec70402ee7,Information and Ideas,Command of Evidence,H
702eb7e3,71c4f33b-5e73-413d-bea3-14225980d694,Information and Ideas,Command of Evidence,H
29f5c8c2,b4fd3c61-604e-4f87-b027-41ddf01d205a,Information and Ideas,Command of Evidence,M
1281dfd5,a9859e96-a39d-4207-8cdb-6fb0ee8d8a98,Information and Ideas,Command of Evidence,H
d83c3d54,55af0cb2-1f16-4184-a04f-f39d41958743,Information and Ideas,Command of Evidence,M
ca5a3fb4,06e692f1-c804-4303-9a38-5f28ac4dcf65,Information and Ideas,Inferences,M
98d0a5d7,76c41880-b3cd-4f49-86f6-2e9fb2b14aa9,Information and Ideas,Command of Evidence,H
cf956802,0a755181-a4cc-4396-b977-da1608faf80f,Information and Ideas,Central Ideas and Details,E
95388117,d7a2ff8d-862e-4818-9266-5024deded2c9,Information and Ideas,Command of Evidence,M
403fb4e4,69ccacae-98b0-4823-a0df-dbc2f84a63fa,Information and Ideas,Command of Evidence,H
3091f805,8c905e66-b3bd-4010-973a-d51abc4a9009,Information and Ideas,Command of Evidence,E
94c54577,a834b9d5-442c-4133-b51b-b1e6ce7c584c,Information and Ideas,Command of Evidence,H
ce4448b7,90ef6bd8-7392-493a-a95b-f10670d19fa1,Information and Ideas,Inferences,H
0147b080,3a3cd377-09e1-421d-b264-2e6d5797db0a,Information and Ideas,Command of Evidence,E
60c6b64d,c26900f9-e2f8-4720-8940-4d2f422a2ee6,Information and Ideas,Command of Evidence,M
1f3be847,323d585c-ed72-4482-a6e7-60adf99b2849,Information and Ideas,Command of Evidence,M
714e4c10,b07b52e9-c1ee-4177-bce8-9a5b35a6f12f,Information and Ideas,Central Ideas and Details,E
040583a5,d1d0c33d-ec34-4d8a-b2d4-4b8262f22cbc,Information and Ideas,Command of Evidence,H
7a1877be,ba4a8107-8550-4238-845f-7a2765946381,Information and Ideas,Command of Evidence,H
11a9f635,938fef9c-6c98-458a-8ce2-236a09a80f22,Information and Ideas,Central Ideas and Details,M
2312021b,e830f97b-2162-4328-ad6d-23a86bafcd98,Information and Ideas,Central Ideas and Details,M
57485f5e,d490e4a5-bf54-48b3-a21c-27e521f53d3c,Information and Ideas,Central Ideas and Details,E
a68fd3e7,5d3bc6fb-4e59-4560-84e5-1d9cf789f62a,Information and Ideas,Inferences,H
e677fa6c,90758981-860d-4a7d-a2eb-6720666df2eb,Information and Ideas,Central Ideas and Details,M
bc7b1a04,de7f8b22-30e6-43b1-ad24-4b6f6f7e025f,Information and Ideas,Command of Evidence,H
3d91c973,f445072c-007e-485c-a469-b2b4bee641b3,Information and Ideas,Command of Evidence,H
11c68ded,30c2d8b8-5292-4af7-b701-0109496da1a5,Information and Ideas,Central Ideas and Details,M
7cbb9764,b490fb1f-94cb-4ac3-ab42-e46a37a27827,Information and Ideas,Command of Evidence,M
4b3d6062,6bc7928c-513a-4331-9eeb-9dc97afdf1c7,Information and Ideas,Inferences,H
94ca8ebd,29d48243-c6fc-4b86-8b87-c1087174f7eb,Information and Ideas,Command of Evidence,M
66c47028,6bf1a887-da03-4cdf-b053-cc4a2e176641,Information and Ideas,Central Ideas and Details,M
0770b53d,a362b6b6-1fae-4fcc-a097-241ddb0addd2,Information and Ideas,Command of Evidence,E
58e9e497,6cab30c3-74f3-4b95-8bbc-00892bfbb3c0,Information and Ideas,Inferences,H
1a2b29c9,fdc309fb-203f-4eb0-ab14-ce679c48449c,Information and Ideas,Central Ideas and Details,H
71904085,65d3f00d-f48c-4518-88b0-b5d58cbe4cf9,Information and Ideas,Command of Evidence,H
3190835d,06476963-3fd5-40fe-8c6a-77a4b0609df1,Information and Ideas,Inferences,M
04cbeca3,95a5360b-3135-4780-921f-c511f0ae2578,Information and Ideas,Command of Evidence,H
3dc911d6,39a8034d-d0e3-48ee-927f-42e9f97a54d9,Information and Ideas,Command of Evidence,E
1755eaf0,e80ca61c-04c7-47b6-bd75-6c70364e1508,Information and Ideas,Inferences,H
d5b9ed0d,0f42ebb1-ab1a-4389-9ce6-727db51e5379,Information and Ideas,Command of Evidence,M
2fdfe002,2feba5ee-68da-40e5-9ac9-a2d6595ea46b,Information and Ideas,Central Ideas and Details,H
6a6bbac3,15e61784-d141-4360-95ad-6de4a72b0a0d,Information and Ideas,Command of Evidence,H
6f626ae5,8f0c9a99-086b-4120-9d4c-96146f022bdc,Information and Ideas,Command of Evidence,E
ccb1ab92,e5fb236a-b834-4e49-866c-248c223f4d16,Information and Ideas,Command of Evidence,H
0d81b7d9,b280ba71-e914-4119-8335-a7c8eb92768c,Information and Ideas,Central Ideas and Details,M
be19faa1,7ba4dc16-ed92-4253-b979-eafdfe5400f2,Information and Ideas,Command of Evidence,H
645fd11a,e106d6c6-3728-41aa-983d-844c3f37d99e,Information and Ideas,Command of Evidence,H
85439572,4d6080a5-d5cb-4a7b-8d36-e063d820a389,Information and Ideas,Command of Evidence,E
356ad646,4722224d-0bd7-4a50-ae64-0069b6abcafc,Information and Ideas,Command of Evidence,M
701126bc,9881a760-f884-4181-a7f8-4ee2b2cb39a3,Information and Ideas,Central Ideas and Details,H
c83e0b43,3d1f1c40-4ed9-4ae6-9d5c-55bbe74e0b51,Information and Ideas,Command of Evidence,H
6177abc5,a9165713-4da8-48bf-91b0-7def09cee451,Information and Ideas,Command of Evidence,E
a9040290,2b5d289b-aa4a-455f-9d3c-3fb0079cac56,Information and Ideas,Command of Evidence,E
bc1b8a42,738bb8cf-0cb8-43fe-8790-a8d9e93bfa3a,Information and Ideas,Command of Evidence,E
ac285054,a63e4700-e95a-4a33-82f6-4f46c42d023e,Information and Ideas,Inferences,H
01989d77,6b5f6281-c186-4b8e-b5b1-e480cda187ec,Information and Ideas,Inferences,E
a13541c0,130d0a84-b1b0-4f4b-9201-cd5cc26e4514,Information and Ideas,Command of Evidence,M
8a8236e1,c64a25c2-99cd-485d-b5c7-8c0aa9f6ce6f,Information and Ideas,Central Ideas and Details,E
7c1e5880,8cfcf0a4-fcdd-4de7-8cb5-5b319becb374,Information and Ideas,Inferences,M
dd1757fd,c4cfbca4-fcc1-4015-a43f-bc8038fe1c6c,Information and Ideas,Command of Evidence,H
15873d14,1db8b470-79f4-47ec-bf07-93ba736045d0,Information and Ideas,Command of Evidence,M
b38935ab,0bc13525-918a-411b-bc8f-148fe9e12317,Information and Ideas,Central Ideas and Details,M
8a584241,15e0f8c2-ed39-4583-83cc-73e2fa6eacfe,Information and Ideas,Command of Evidence,M
dd72993d,a0624880-0cff-4f54-93c7-0ee67780fa3a,Information and Ideas,Command of Evidence,M
4603d1f7,1a6b528a-47fc-448b-a67f-fc8bcd1e3fda,Information and Ideas,Inferences,E
6df33868,cc8be552-4528-4487-9a80-6ef3a7490aff,Information and Ideas,Command of Evidence,E
086dd8cc,350515f3-0f56-40e1-b5ce-af122f093fe5,Information and Ideas,Inferences,H
e185a21f,f4fbe202-2064-4bd6-a736-c5c55b1d4616,Information and Ideas,Inferences,H
20000f5f,b49acf29-946e-4d3e-a1a3-b112ff5cc23e,Information and Ideas,Inferences,E
64cd7321,a46a3369-477e-4477-972e-bc12eb5e84d2,Information and Ideas,Command of Evidence,H
25176ff8,6b3e8eca-0f31-4ddc-ad58-4525b647b622,Information and Ideas,Command of Evidence,M
67b59a67,29e2e0fc-8844-490c-85f3-24338f917e2a,Information and Ideas,Command of Evidence,M
c228bd45,e6590d5e-2b45-4887-b784-5c8601dc008e,Information and Ideas,Central Ideas and Details,E
7edfb2c5,67f3df86-c0f1-4965-9d9a-8231d5f82b95,Information and Ideas,Command of Evidence,M
0c622cfb,a7544373-0f0e-48ad-bf64-b636aa0c867e,Information and Ideas,Command of Evidence,M
5fb6ed10,cc73e080-d46d-40ae-bbf6-e9801e577c1a,Information and Ideas,Command of Evidence,M
f452410b,3b249e65-a66a-456e-8e49-c4382ffdef99,Information and Ideas,Command of Evidence,E
a16128e2,738288ff-e395-4313-835d-9e9447a865b5,Information and Ideas,Command of Evidence,H
9731a22b,4cdeef3b-c252-41b9-b816-e4e258e8d8e4,Information and Ideas,Central Ideas and Details,H
0cf13ece,f430010d-dd34-405f-b7a8-b70d74e17b0e,Information and Ideas,Command of Evidence,E
db876fd5,6e778f51-5735-405e-8ddc-4fd8196cd087,Information and Ideas,Inferences,M
09f9edb0,35e63faf-cd1e-42e6-b544-7bf3b48941eb,Information and Ideas,Command of Evidence,H
da438257,9a5b800c-9469-4023-8098-70ef352fd380,Information and Ideas,Command of Evidence,H
f39507a3,03463f37-4904-4865-bb31-d326c1dd67e8,Information and Ideas,Inferences,H
5325b3cc,50a97041-1bb7-41a5-ad91-9edb332c7d6b,Information and Ideas,Central Ideas and Details,M
6bc0e595,83317e04-9b65-4e2e-81f4-ff77cf641a23,Information and Ideas,Inferences,E
70aacc03,c62128d3-85ec-4b5a-8f7e-cedfc5850c29,Information and Ideas,Central Ideas and Details,H
0fc0a773,17913995-980e-42ce-a499-437d004e0abb,Information and Ideas,Command of Evidence,E
57303718,a358f59f-7a4a-4af5-a2a8-37a11ebbbec3,Information and Ideas,Command of Evidence,M
c538954d,53727c14-2e6d-4c01-a008-3dcf1597f23d,Information and Ideas,Command of Evidence,M
f8244f7c,58d50e12-1f6b-47db-a28d-eea68a044b02,Information and Ideas,Command of Evidence,M
9debe79a,39c4e289-072b-454d-a5ae-fff58010b299,Information and Ideas,Command of Evidence,E
0a77c362,763708b4-8126-4bc6-9720-cce524db89ed,Information and Ideas,Command of Evidence,E
f9bd4e61,74524b04-95ed-45c5-be93-30cc8f3484d1,Information and Ideas,Inferences,H
82d2436a,3a04d20b-5096-450a-b14c-b8e956fd9b8c,Information and Ideas,Central Ideas and Details,E
f7bd14de,3bfe8f14-8d16-47a6-ac4c-e7ddb1572611,Information and Ideas,Central Ideas and Details,H
baef99a5,03508ded-7e44-467a-b16b-93608113408c,Information and Ideas,Central Ideas and Details,E
3fc06a91,857c3b1f-07bb-491a-84c5-c45a5f28b850,Information and Ideas,Command of Evidence,H
96802cc0,c839816d-7f7e-4300-814f-1545276bc90a,Information and Ideas,Central Ideas and Details,H
8a668840,7f8e2931-6a5e-4782-93d8-5a8e62f75fef,Information and Ideas,Command of Evidence,M
ec93e52c,6a2a163b-95a8-46e0-80b5-f33eeff84503,Information and Ideas,Command of Evidence,H
4889580c,d15c6de5-ed37-4abd-b581-ad392b36c426,Information and Ideas,Inferences,H
b7d51f84,dcfca64d-f71d-4be1-8e85-40b6ef326b64,Information and Ideas,Central Ideas and Details,M
35b46381,b499ba18-43db-48ce-aa3c-8838c2104269,Information and Ideas,Central Ideas and Details,H
4ba0695d,4ef4acdb-0900-4f53-b1b8-09f665f80d2c,Information and Ideas,Inferences,H
78b265b2,b91c15bb-00cb-4f87-bb8f-d086405bf9d0,Information and Ideas,Central Ideas and Details,E
aa0968dd,de9b1463-1866-4898-8328-0c81e82e681b,Information and Ideas,Central Ideas and Details,H
e7dc27dc,3cc18ae3-a388-4035-8d49-228be087c88c,Information and Ideas,Command of Evidence,E
d95a0bb8,16ce6c5b-f91d-4409-9462-3e27c0871836,Information and Ideas,Inferences,H
b8199d5a,e19865c4-0bd8-47e7-bbbd-847b84b95b25,Information and Ideas,Command of Evidence,E
30c3aa98,e2059112-1019-48a4-a70a-3b33e18211ca,Information and Ideas,Command of Evidence,E
d0f51067,ea65c400-ba2e-4387-9a23-fc9a727a5982,Information and Ideas,Central Ideas and Details,H
3cc2eacc,03bfc4d5-8347-47d5-b316-718229d88af8,Information and Ideas,Inferences,M
54057e3f,27983d00-7eb0-40fd-9ecc-733f78d21ce9,Information and Ideas,Inferences,M
487a05f8,bad15e98-4169-43d5-9421-374a6231ddfb,Information and Ideas,Central Ideas and Details,E
aaddd60f,d1efe6e8-5201-4a69-97dd-f475820fb912,Information and Ideas,Inferences,H
1c69ff20,79f2d4f0-39de-4a51-b567-a5d51d530f5c,Information and Ideas,Central Ideas and Details,H
239d3535,aeb0032d-43fe-465f-891c-93f0635952bb,Information and Ideas,Command of Evidence,E
39e440e4,fd1571d8-4dd2-4b3e-acc1-33b0974356d2,Information and Ideas,Command of Evidence,H
29cde5fa,62962b25-dd31-433c-93d0-1032c533c58d,Information and Ideas,Command of Evidence,M
c4d43991,43b63331-d857-4b26-a869-a1dfae198b02,Information and Ideas,Inferences,E
4042ff0b,facbe7d8-dfa7-4d45-9add-841fbd562a70,Information and Ideas,Command of Evidence,E
d0fbf1ae,5e3760af-27dc-44b2-bf1c-53de6b88a3b6,Information and Ideas,Central Ideas and Details,H
d2c2a7ef,02287832-f99d-48ef-b1df-4b97c4d409b0,Information and Ideas,Central Ideas and Details,M
b30a2613,04007e74-f11d-47b3-b918-7efd09473b72,Information and Ideas,Command of Evidence,M
123bd312,d611db07-c76b-4fcd-97f2-12bb13024b07,Information and Ideas,Inferences,M
5f6adeee,06e04baa-57bc-4dab-b607-a7f7379fce1f,Information and Ideas,Command of Evidence,E
3f4ab688,8ce518f3-dd51-4bc0-8eb6-72b9a8219145,Information and Ideas,Command of Evidence,H
40630cef,21f5cc4a-939d-43ff-95ab-d7c0ea4718f1,Information and Ideas,Central Ideas and Details,E
b71861fc,22608ed1-80be-4489-9b7d-a035b029d3ce,Information and Ideas,Command of Evidence,E
08395130,9296e03c-58be-4531-9996-2ed70f7b4bac,Information and Ideas,Inferences,H
26f5c4ba,90166ab8-3546-45ae-93db-f21985fdd134,Information and Ideas,Inferences,H
14189fbb,4e06110f-0c9b-48ea-88ab-a1004353ab6d,Information and Ideas,Central Ideas and Details,H
cef77aa7,22d51297-e8e7-46a4-ba99-2cbf96fbe30c,Information and Ideas,Inferences,H
dc3ea63e,2f362274-9a69-425d-81d5-feb6db3a1e05,Information and Ideas,Central Ideas and Details,M
9c591ff7,c53956b6-5cf4-4eb7-a7df-2139e74396c7,Information and Ideas,Inferences,H
5d122d45,eec70d3b-a52b-4324-9e00-8799afda175a,Information and Ideas,Command of Evidence,H
fd1095d7,9708e3d0-f36c-434a-88ae-992ed65c47ba,Information and Ideas,Inferences,H
a95075c5,33734ff0-5f0d-4009-a4b7-85d44f4bdf8e,Information and Ideas,Command of Evidence,M
742fd8ba,121f0267-8731-4483-8bac-45f2f405e799,Information and Ideas,Command of Evidence,M
03e5cf33,6e972f93-6967-44f3-9281-9b7ea1a1cfdb,Information and Ideas,Command of Evidence,M
156ff681,f88c0e77-479a-4c8d-996f-c9b7d9e730d3,Information and Ideas,Command of Evidence,H
b168ce48,6bf622a0-d5f7-48e3-bd49-df6a4cf0d266,Information and Ideas,Central Ideas and Details,E
8545ccfe,54eed2e9-47bc-4ec4-a3ea-81d4a8cf0a81,Information and Ideas,Command of Evidence,H
40578580,e63b751a-e3f0-4117-89b5-c9a98b1b11ea,Information and Ideas,Command of Evidence,E
a9ac31e4,446f9a5d-8ff0-4853-b54f-1bfef62a9df0,Information and Ideas,Command of Evidence,E
e1504a2a,5d888510-d19d-4d49-855b-5d5afc969c13,Information and Ideas,Inferences,M
e946a32e,7a847714-4f4b-4c3d-b19d-820a04e30eeb,Information and Ideas,Command of Evidence,H
df34b586,b5d4fe9f-39fe-4ed4-88a8-ebf95283118c,Information and Ideas,Command of Evidence,E
b29c520a,0adb9597-ea50-46ed-9dbb-09565c646cee,Information and Ideas,Command of Evidence,E
d696eafa,1952d001-606f-4761-96e6-f22a2bd7b6c1,Information and Ideas,Command of Evidence,H
36e2868f,6960936d-6e14-4293-8e40-181d7e56b513,Information and Ideas,Central Ideas and Details,H
9fe7aafa,fbf6b996-3607-41ed-a39c-163d8c8c394c,Information and Ideas,Central Ideas and Details,M
dc87adf4,48df5d1e-9a25-416a-a935-574134ee86cb,Information and Ideas,Command of Evidence,H
4b8eda0a,803cff0c-4ba0-4ec3-b690-1fe2486e401e,Information and Ideas,Inferences,H
3bfcb73b,79e4ee43-9828-46ac-afcb-d3678e7e0d1c,Information and Ideas,Command of Evidence,H
53c6c179,35d3bd93-7a64-4a12-b5b2-c278f6a73f1d,Information and Ideas,Command of Evidence,H
55688b3c,6efd0d81-35c8-49da-88a2-390c63a8fd80,Information and Ideas,Inferences,M
c9708e7d,1ea2792b-cfba-4930-9629-2423ee5df20b,Information and Ideas,Inferences,M
7c21b4b5,68171f8a-6566-4857-a729-db3963577a8f,Information and Ideas,Command of Evidence,M
ed586475,7d4a4c83-50ae-47ab-9d3d-a67b0cc584c2,Information and Ideas,Command of Evidence,M
1bf2173e,f3a1716c-52aa-429b-bdde-0271814b9d4c,Information and Ideas,Inferences,H
df91532e,89896d3d-375d-4ea9-ac2a-c00eb083d581,Information and Ideas,Command of Evidence,H
81af81d4,1a528880-397f-4739-b06d-5fa3d656aa3c,Information and Ideas,Command of Evidence,M
8af0c099,93efcce5-fc75-427b-b7b1-bdbba69d8fb3,Information and Ideas,Command of Evidence,M
8584f3ce,fd9cc9d2-2e39-495a-af16-5f06049dbbc2,Information and Ideas,Command of Evidence,H
f71802d6,30f294ab-b2a2-4e6f-bfc7-f099c4e68738,Information and Ideas,Command of Evidence,H
c95995bc,358eea05-3758-4b38-bc77-3a13ab40ab16,Information and Ideas,Inferences,M
dbbbc5dd,b0809661-54a2-44ce-8282-c2318d1198bd,Information and Ideas,Inferences,E
2573d64b,21ab62c2-23da-4135-9ac5-3dbef25ef6fb,Information and Ideas,Central Ideas and Details,M
6409016a,b81c7d76-65b5-423e-9f26-72f78b04f576,Information and Ideas,Inferences,M
dcca0dfc,980ff1d5-d247-4ec5-a99c-63476cc5503b,Information and Ideas,Central Ideas and Details,H
e1546fd6,3275ff87-da2f-478f-b3a4-1e2626b25e08,Information and Ideas,Command of Evidence,M
04dff083,73bf8fb7-a095-496b-b9f5-109b6af2d221,Information and Ideas,Central Ideas and Details,M
8a3ecac6,d9ea4ec9-adaf-400a-8375-5649d37cc5c7,Information and Ideas,Inferences,E
4025e00c,c1ec7ae5-dfd7-4562-987f-e0248ffbb4b2,Information and Ideas,Inferences,E
9391b7cc,b4910d45-076d-4ab9-9b26-f729e19c7a3b,Information and Ideas,Inferences,H
9452092c,03bcea8c-439e-455a-bb85-7a05d2ed8773,Information and Ideas,Command of Evidence,H
2a075bd1,3b0983c4-74f7-4e1b-9ab8-6394960e6596,Information and Ideas,Inferences,H
2a5aa08a,365e2356-1e33-4e21-9f56-dcb207adf9c3,Information and Ideas,Command of Evidence,E
23ecf625,44ff4a89-9f5d-4330-99f9-36c46b6585d5,Information and Ideas,Central Ideas and Details,H
8fbed1cb,48cb9ef1-c125-4861-9123-a6469d7f8a34,Information and Ideas,Inferences,M
2592e0de,77e03ff0-a9f8-40fb-a56a-4dcb12d23e31,Information and Ideas,Central Ideas and Details,E
69d662af,e807e311-35fb-41ba-a60b-feebda8114ab,Information and Ideas,Central Ideas and Details,E
f2b3b53b,bce1433e-0679-4c4f-88e2-a37d1892537d,Information and Ideas,Command of Evidence,M
44da37eb,f6866682-b170-4251-9fd8-8ce1ae56407d,Information and Ideas,Command of Evidence,H
5432d1de,a01408ec-f674-4193-a639-57cc6064b5bd,Information and Ideas,Inferences,M
4e9afd7a,bf6639e8-1ad9-4de8-a308-e9f22045c036,Information and Ideas,Inferences,M
3882ddf6,e68d49e4-3326-4ad6-86cd-1be7dce09141,Information and Ideas,Inferences,M
626a1308,691aa9c9-6158-43be-97a2-6230c41ccfe3,Information and Ideas,Command of Evidence,H
3233c162,6fec40ff-b4f1-4439-8f08-ba70ddaff0ed,Information and Ideas,Command of Evidence,H
d74b9bc6,295bc087-4e63-4ec3-a24a-fc0bde6599d7,Information and Ideas,Command of Evidence,M
7f0be746,29cada86-74bb-41bb-a0dd-9a24a165a4e5,Information and Ideas,Central Ideas and Details,H
a44bbd6b,9ecc06d7-b381-4b61-8477-2a34b8437476,Information and Ideas,Command of Evidence,H
a2b0fc3b,35824f48-d720-4518-aedb-c48514d496ae,Information and Ideas,Command of Evidence,M
89961e26,dac67381-2a34-4b01-a6a1-41102f159d28,Information and Ideas,Central Ideas and Details,E
2584bcfb,084d8f9f-c1fe-4c1b-8c34-e8d1f0cb8182,Information and Ideas,Command of Evidence,M
d5da74be,de355f6b-26f2-4286-9e24-fe61e14d1a86,Information and Ideas,Command of Evidence,H
a59245a1,2be296a8-a297-4cb0-9d75-002f50e1111e,Information and Ideas,Central Ideas and Details,M
628e1305,88e7e7d7-96c9-4086-8849-e0eb26f111ff,Information and Ideas,Command of Evidence,E
4411e15b,41e246d6-ff3c-448d-8852-1127eaf889c0,Information and Ideas,Command of Evidence,H
3f236877,280e894c-bee8-4e44-8ecc-445ed3d14286,Information and Ideas,Inferences,H
5b74feb9,68948483-1f64-4760-a657-ec2406b34c19,Information and Ideas,Command of Evidence,H
0198240a,704122ea-86c8-4130-a534-dde9ec1a52b1,Information and Ideas,Command of Evidence,H
c2c61e7d,20bd7e10-d0b5-4923-930e-f3c22dff2c07,Information and Ideas,Command of Evidence,H
81498c6a,9880402d-54d4-416f-b6fd-14bf44015e73,Information and Ideas,Command of Evidence,E
38e79659,39859646-9f3d-440b-9296-afa336dc7198,Information and Ideas,Command of Evidence,E
825dc766,ecf8fb3a-a8a8-4251-9424-048c185cf125,Information and Ideas,Command of Evidence,H
0240d11c,05b51061-19d4-45fe-8086-a6b565cc8902,Information and Ideas,Command of Evidence,H
fc1259dd,4fdc5738-b231-4673-a094-37aa2e2ef332,Information and Ideas,Inferences,E
25290c8d,34ff2bb7-fe6f-46f1-8559-4c79bc496112,Information and Ideas,Command of Evidence,M
4d3e3c52,fd02f4ff-6bf3-4885-92ba-dec5018038d6,Information and Ideas,Central Ideas and Details,H
d1b8a9ad,ea859268-8f45-40e6-add4-ecd3844151f4,Information and Ideas,Central Ideas and Details,H
420b82e2,ec1412f8-3519-4337-8321-027633350b57,Information and Ideas,Inferences,M
d52fca9f,e937bcae-33f9-41e7-a260-badb93557071,Information and Ideas,Command of Evidence,M
64b6427a,4d2152ad-3e95-4ca9-91a8-423758f25623,Information and Ideas,Central Ideas and Details,M
02848335,74e5885a-cf6e-4b0a-b09a-04d8579c9935,Information and Ideas,Command of Evidence,H
b633cc4f,372d026d-316c-4dc0-a1e7-33878776e91c,Information and Ideas,Central Ideas and Details,E
95dbdf51,4f42766c-6041-4d86-acc8-fdb7a347eaa7,Information and Ideas,Inferences,H
7ae8065c,825eff2a-b56f-469e-8a2a-fe3b1a2edf76,Information and Ideas,Inferences,M
25b70215,be66b7f4-9cb2-4991-a4bf-aee51558cf14,Information and Ideas,Command of Evidence,E
9e5ce27c,ed118154-f369-47fe-850a-70e12f3794d8,Information and Ideas,Command of Evidence,M
28dfc05a,fd2ee2ec-9153-4c3d-8ba7-081ffdb687f7,Information and Ideas,Inferences,M
55df0275,c3d04fab-85b3-4607-9920-c2490bdcc643,Information and Ideas,Command of Evidence,H
66bef967,85c19ad6-e14d-43d4-9d45-def4e74635b2,Information and Ideas,Central Ideas and Details,M
1703403b,96565fac-602b-42c3-b89a-67a0bcf9c811,Information and Ideas,Command of Evidence,E
668f75cb,7e52fc97-3448-479e-8f83-6d659d404c11,Information and Ideas,Central Ideas and Details,M
cbecb873,a5984ea3-e26b-4dd5-8af4-5d9dae0b3b10,Information and Ideas,Command of Evidence,M
eb775f90,8ede9e22-1466-42a3-b2ec-3c9983b93ef3,Information and Ideas,Command of Evidence,E
80fd9454,59ef7528-4cfb-4862-9d40-6f226b28ad3f,Information and Ideas,Command of Evidence,H
c4bee178,54acf952-eb6f-49df-91ea-75ebc0d6344a,Information and Ideas,Command of Evidence,E
63e7799d,af31476c-fbc2-4fe8-8656-e63f24aafb95,Information and Ideas,Command of Evidence,H
0dba14e6,e6dbeac0-5d8f-4b95-88aa-f9a3718cc8b4,Information and Ideas,Inferences,H
995d55fd,bf142dce-600d-4e0d-b6fc-80d7f0ae8ea8,Information and Ideas,Central Ideas and Details,M
860803dd,675fc7a8-a3ec-4cc1-a704-a49f4644cf26,Information and Ideas,Command of Evidence,H
04bcb7a9,ddcb39de-3d58-4bc6-a2a2-0acfe8437055,Information and Ideas,Central Ideas and Details,E
12030076,70a3b3f6-b02a-4d56-93e8-aec50bc76eca,Information and Ideas,Central Ideas and Details,M
b470d853,0fca9cf6-4138-4c7a-b2b1-22a13cb55d77,Information and Ideas,Command of Evidence,E
99fdf71c,32c4c072-059d-4cea-9e8c-d27888cc1845,Information and Ideas,Command of Evidence,M
a44c7bd4,732f5a2f-62e3-4318-bdc9-b532c11f13ff,Information and Ideas,Inferences,H
ff18829b,882d3996-3ca3-40a3-8e33-d2940a3ff118,Information and Ideas,Command of Evidence,M
e80ba20d,58ef0410-5330-4262-9361-987ad9d1689e,Information and Ideas,Central Ideas and Details,H
e2829dd7,0c6b9256-165f-4981-9503-ecfd319b2731,Information and Ideas,Command of Evidence,M
194dd448,2882f061-3de5-48d0-8c0d-bca74bb2ec3f,Information and Ideas,Command of Evidence,M
08b28c1a,bb6e68d6-a740-46c5-bb4b-de50ba90fb20,Information and Ideas,Command of Evidence,E
4a07be59,047e7067-f570-44e5-8e44-a92ea3f8b3b9,Information and Ideas,Command of Evidence,H
a7c52fa4,b618a704-36f0-4ec0-a44e-f8d2a7f54307,Information and Ideas,Command of Evidence,H
a13c1c66,060fc3ac-31d0-4538-ac31-31f7efc40052,Information and Ideas,Inferences,H
350e2336,d1601bba-94d9-4dd5-be7b-e1cfd4864c88,Information and Ideas,Inferences,M
c6b470bb,dbd13420-a4fe-4004-886a-8f3338082300,Information and Ideas,Command of Evidence,M
38d75269,0609b216-e92c-4fcd-8833-8f8738ce30d0,Information and Ideas,Command of Evidence,E
c889e52e,1b252562-3bec-43c2-ac49-bb173f19ca83,Information and Ideas,Central Ideas and Details,E
f8befe75,dbf413aa-7ed0-4c04-a674-6de10190f3f5,Information and Ideas,Central Ideas and Details,M
ccf414c9,ca139201-2cec-42e7-8d12-d556256c8276,Information and Ideas,Command of Evidence,M
f942646f,11018df2-968a-4ff7-ba6c-537ca7649b01,Information and Ideas,Inferences,H
3cc7d73b,7fac536f-bfa4-41d3-b7ea-1adb6680cd47,Information and Ideas,Central Ideas and Details,M
3f05e40f,7e4e4382-e8f2-4072-ab9e-42dfb93b9837,Information and Ideas,Central Ideas and Details,M
4a85fea6,6d69ca0b-7396-4810-a1bf-106bf87f045a,Information and Ideas,Inferences,M
de0a5b4e,caf0a82a-425b-4a35-aa35-5c478fe13afb,Information and Ideas,Central Ideas and Details,E
e18d75ea,2c560f81-4cae-49f3-a189-223abdabd7d0,Information and Ideas,Command of Evidence,E
a04807d8,6096b294-0cc7-4495-a3a6-0e0db167e92c,Information and Ideas,Command of Evidence,E
a0203977,f18119e1-0678-452f-bee5-0dfaddbe173f,Information and Ideas,Command of Evidence,M
6af80ff3,2d1c4edc-0ba2-479f-bac9-b3b060fa86f1,Information and Ideas,Command of Evidence,M
1ffd60ce,9bb3aeda-b4bd-4869-bd8c-ab833eb9d544,Information and Ideas,Inferences,H
0ec15b5a,23750698-46e4-4295-9df5-522d592417f2,Information and Ideas,Command of Evidence,M
a9390104,1d6e68b4-e317-4866-ac32-947f85936b85,Information and Ideas,Command of Evidence,M
16025337,b549c4fb-32ff-4538-9eee-d2a99127f351,Information and Ideas,Central Ideas and Details,H
20583752,74ac6d75-993e-42c6-95ac-056e55a93a5e,Information and Ideas,Command of Evidence,H
b28dc26d,a9fcb8ca-cf0c-4d45-bcc6-e3fd7a4ee3dd,Information and Ideas,Command of Evidence,H
659c6c1d,176cf9b7-f8b5-4194-9593-f60ba7a78ffb,Information and Ideas,Central Ideas and Details,M
fcae209f,ed5783a4-0648-4ffc-8549-df56ac9d140e,Information and Ideas,Inferences,E
8f3a200e,8544d09c-adf1-4069-8362-343c6a32fd8c,Information and Ideas,Central Ideas and Details,H
db2da2bf,b7b895db-15c3-4714-912a-fbc70f8d95ce,Information and Ideas,Central Ideas and Details,H
39de2206,d227c514-23b6-4498-90bf-633ef71950d4,Information and Ideas,Command of Evidence,M
72cbdbc6,f6a00237-7406-4f9c-a897-4e706b7fdb72,Information and Ideas,Inferences,E
2287b040,b65b6bb1-ed51-4028-8bea-421ff84c160b,Information and Ideas,Central Ideas and Details,E
d5c2a4d4,fcc9d22f-ff02-4020-ae95-4a66720a6377,Information and Ideas,Central Ideas and Details,M
cf7491c1,d220880f-8d11-4473-8544-cd7e6652ab5b,Information and Ideas,Command of Evidence,M
df37c087,870865eb-d11e-4e29-8d5e-e7d9f282da86,Information and Ideas,Command of Evidence,H
5d6ab069,00e094ed-abe1-4142-af30-ed57eb2e7a2d,Information and Ideas,Command of Evidence,M
e6e6be2d,da253a06-73ff-4f6c-afc6-03afe5ecdc04,Information and Ideas,Inferences,H
6675c5c3,23b3d126-1b6f-4fe8-a602-d143e7a3e3e2,Information and Ideas,Central Ideas and Details,E
0dccbf17,10131dc4-382d-4485-a578-62a26d8a2e56,Information and Ideas,Inferences,H
37e15265,a69e4082-0554-4a04-b36b-7fa6f918ebbc,Information and Ideas,Command of Evidence,H
f9c4bdab,24f0aa79-c7cc-4438-84e1-bec4e8d2a77f,Information and Ideas,Command of Evidence,H
25893fc7,6a3a4d81-3c3d-423e-a82b-e6f6994b6e96,Information and Ideas,Inferences,E
2df730d0,7cd6c0d3-68c5-4a3c-b6a2-18cbe8ee23ef,Information and Ideas,Command of Evidence,M
5632ffb4,f0e2a006-14c8-4c8a-948b-c193476d843a,Information and Ideas,Inferences,H
5d453dcc,85282a60-2899-43df-bd0e-0b5cedc801ee,Information and Ideas,Command of Evidence,M
b32c4b3a,1da0f5f5-e5b6-40f5-b42f-81390b87a253,Information and Ideas,Command of Evidence,H
d102706f,a197aae6-b0b0-47ba-910d-2407eaacd03a,Information and Ideas,Command of Evidence,H
3d505895,ca85c18e-96d2-4d6d-bca4-d94ece969e9a,Information and Ideas,Inferences,M
23b5cb59,f74ea265-3bf1-46e7-bf80-ba2fc5b139ed,Information and Ideas,Command of Evidence,E
ac7166f7,6dce1c90-e8b3-47f8-875b-54b98618cf7d,Information and Ideas,Command of Evidence,E
2ef8e367,eee3d6e7-d7b3-4071-b69b-99c74c898d45,Information and Ideas,Command of Evidence,M
1b9b29f1,c3302651-c023-44bf-953c-6999ac7fcd51,Information and Ideas,Inferences,H
61228830,cc7722c6-1049-4076-bffd-0613e48fd1d0,Information and Ideas,Inferences,H
ad680167,7073bd45-271c-4b31-b606-013a65b61485,Information and Ideas,Central Ideas and Details,M
34c2e387,7c58fd94-a98c-486c-aa23-2987cdca4de7,Information and Ideas,Central Ideas and Details,H
2df56712,fd2f1d0f-fd4a-4ff6-892e-81e0dd9b2166,Information and Ideas,Central Ideas and Details,H
cebfb2c6,ea1a64cf-daf1-4d0e-8070-3f1ad98f30d3,Information and Ideas,Command of Evidence,M
af9e3240,be347d28-4be3-4fe4-b8ec-28dab78f77a8,Information and Ideas,Command of Evidence,H
0fd96039,92264ffd-d9d5-4e5f-b423-5c7112ae7b48,Information and Ideas,Central Ideas and Details,E
75208874,23993529-d849-4518-af11-b7139f5f038b,Information and Ideas,Inferences,H
787729be,bbc0b193-f888-4209-afc3-fbf519e74d9d,Information and Ideas,Inferences,E
e441da80,c4867d24-bd6b-421c-9558-60415940d47d,Information and Ideas,Command of Evidence,E
45c03837,fcf354d9-b083-4427-8631-a2cca7e8d2b1,Information and Ideas,Inferences,H
575e67df,5818e783-6bbc-430f-8003-9f3967e542b2,Information and Ideas,Inferences,M
1d08c7ee,b8e4991e-0fc5-4cb7-874e-6f04e764e8c9,Information and Ideas,Command of Evidence,M
e37f79a7,df57beff-4a25-49d5-a337-ae6394867058,Information and Ideas,Command of Evidence,E
adbcbce0,57e0927e-845b-410d-a414-0ada4098e9b8,Information and Ideas,Central Ideas and Details,M
e9521fd1,c9f3bfb8-e0f5-4bef-a737-83cada88e3e7,Information and Ideas,Inferences,H
82bdf676,0c85a491-b942-44d2-9407-d63cefec2ad9,Information and Ideas,Command of Evidence,H
881ba6f1,e430357a-3c47-4449-815e-0422bc8f250a,Information and Ideas,Central Ideas and Details,H
0b634641,7920d9f7-7b71-430c-bc7c-ebcf5d8c1779,Information and Ideas,Command of Evidence,E
73caa3ab,d6a68288-df99-46df-af06-1d642b22ed89,Information and Ideas,Central Ideas and Details,M
6536183b,c7238400-e5ab-4ee8-a20c-29043d59a1a1,Information and Ideas,Command of Evidence,H
96d1c1fe,c5230ce5-749f-4f41-9ac4-10c8db7858c6,Information and Ideas,Inferences,H
2644644a,f0455dd3-fa60-4155-8945-bd6f8ee836ef,Information and Ideas,Command of Evidence,H
08ff903e,56d2e5de-24d6-4ec7-a918-beec3ca46fe0,Information and Ideas,Command of Evidence,E
47f2cddd,59c46e1d-a812-4518-a039-5dfa903f11fe,Information and Ideas,Command of Evidence,E
7812801f,0c5e48fc-b8b5-4d2b-bef0-796bec56315c,Information and Ideas,Central Ideas and Details,H
dd349efc,faada6d3-5716-4d4e-be61-452a6fd48aaf,Information and Ideas,Command of Evidence,M
e1ee5f5c,914e34e7-3617-4dde-b6cf-1559b96134b1,Information and Ideas,Command of Evidence,E
b7f79059,c9b72f46-37cb-4778-ad91-d73d3d263723,Information and Ideas,Central Ideas and Details,M
b5e9f3c2,9f0e1a62-56a9-4560-94a5-f4b770cbf00b,Information and Ideas,Inferences,H
5eda42a3,376259b0-c855-4898-8e8e-9e8b363eca0f,Information and Ideas,Central Ideas and Details,H
010fa3f0,6537fc25-1318-49e9-9e1e-dcc07604c519,Information and Ideas,Command of Evidence,H
8fb67890,08ef7a18-0b11-4f61-87fc-ce1909ad2b65,Information and Ideas,Central Ideas and Details,M
251e5281,79be8588-88d3-4689-8dfa-a1eff7775048,Information and Ideas,Central Ideas and Details,H
6540a976,fa058d98-6bf6-4108-bf3c-48890f6373ff,Information and Ideas,Central Ideas and Details,M
4f9f8ea6,591eb366-0d71-42a1-b86b-8b17f03a42c2,Information and Ideas,Inferences,H
2edd7ffe,f4d5a3e3-3526-4403-9a50-294a663640d4,Information and Ideas,Central Ideas and Details,E
2c06139b,f7ae1a33-b06f-4c83-846e-8d697f444fe0,Information and Ideas,Command of Evidence,H
e99a38ec,f2d42e08-afb2-4362-816b-f109865aee59,Information and Ideas,Command of Evidence,M
01c1d9ee,15eb5d10-e935-4161-bec5-d9798b5f47e3,Information and Ideas,Command of Evidence,H
e47d2524,f6d062f6-0ebb-4274-9345-3f4b6d44f52f,Information and Ideas,Central Ideas and Details,M
26ee16ba,30982148-54fd-485f-99d0-970860d55e39,Information and Ideas,Command of Evidence,E
31ad8024,293c8b41-0e97-4441-91c2-93422b4dbb23,Information and Ideas,Command of Evidence,H
f2250478,1830f378-1723-46f1-b0c3-3f7fd3b742f3,Information and Ideas,Inferences,H
0b96fa93,0a101d3f-287a-4888-8521-b280f7b9fb5e,Information and Ideas,Command of Evidence,E
d5d3ea31,2d43925d-e0c3-44ec-b583-82c5c0d2a74e,Information and Ideas,Command of Evidence,M
6e0e0de1,dd2f579c-787f-4760-a6c3-d9cf6f9de19e,Information and Ideas,Inferences,H
493c46bc,e84acee5-3f82-4072-a45f-7dc22a8038b2,Information and Ideas,Inferences,E
b074cc05,4d0eef89-bee9-47f6-ad14-52c8d8b98ced,Information and Ideas,Command of Evidence,M
1db1a9a6,aa6c4390-0a98-4e87-80f3-b711067988be,Information and Ideas,Command of Evidence,M
16a4a83b,d8fe6696-8c72-4aef-ab66-1dbe2b5ac66c,Information and Ideas,Command of Evidence,M
0b696a0c,b6c6791d-a741-4cf2-a375-015d06958e65,Information and Ideas,Central Ideas and Details,E
37a49687,3e62e40d-e1e5-4033-9827-1665e8abf266,Information and Ideas,Command of Evidence,E
0113152f,a42ee406-d532-4af6-bce0-53b4aaf2ec41,Information and Ideas,Command of Evidence,E
3a1f02b0,c0a0b3da-d759-43c9-8b98-ede924bab5da,Information and Ideas,Central Ideas and Details,E
f38b40ac,ef9499bb-6d7f-4c00-a193-e4c998f973b6,Information and Ideas,Command of Evidence,E
a0b58ef0,1ed4ac27-d126-4d76-bede-761cd94cd8c9,Information and Ideas,Inferences,M
89f71526,d3e209e2-4be9-4b2a-8eeb-6c0b841d615f,Information and Ideas,Command of Evidence,E
3430be35,d9511af2-0fb9-462e-977e-9833b95dc982,Information and Ideas,Command of Evidence,H
7f293254,bf4990d3-7a3a-49ff-b7dc-8ba4cf811d16,Information and Ideas,Command of Evidence,H
3ae2638c,4903548d-ce23-40ab-b282-bcfd754299a0,Information and Ideas,Inferences,M
23a7038f,5a912020-242d-4bc0-96dd-c00c12736562,Information and Ideas,Central Ideas and Details,E
4d38c2ea,17089083-33c6-4d4c-9f5d-eb517d0a9341,Information and Ideas,Command of Evidence,H
7a895def,44eca06b-c394-4811-bdb9-8825a1526ed9,Information and Ideas,Inferences,E
5cf5c0d3,2ec9a135-3760-47a4-9f8c-a21f7e5dee3e,Information and Ideas,Command of Evidence,H
f3f444bc,51cf5c80-7d35-47f7-992c-19426432b1a4,Information and Ideas,Inferences,M
a12a83ce,55520f1a-8cea-4e4d-a5e4-12e755466da1,Information and Ideas,Central Ideas and Details,H
5cd55c77,65129061-621e-4cd0-b0c9-ee562e623511,Information and Ideas,Inferences,H
9aa5efc4,2986a17f-a6c9-4d76-9ddf-eedfb37e6eff,Information and Ideas,Command of Evidence,M
b2e54b50,e53f5690-706d-4cca-b2f6-dbd34999ecbc,Information and Ideas,Command of Evidence,H
cca6fae9,23b0f654-fb5e-48f3-8739-811562c9bf99,Information and Ideas,Command of Evidence,H
8af28416,cdc7e086-20ed-4f0b-9d16-1b4d773fd4d1,Information and Ideas,Command of Evidence,E
f495b554,e8b6d085-9a68-4f77-b022-fb65b1b3810c,Information and Ideas,Inferences,H
73c091d2,7be53a85-0e20-4c88-9079-9002b68979fa,Information and Ideas,Command of Evidence,E
303bcc41,e03cf173-646e-41f7-b95d-eed2441f61e7,Information and Ideas,Command of Evidence,E
16ce90d9,5d11fe17-72bb-49af-a3da-3be214ae0c9a,Information and Ideas,Central Ideas and Details,H
25fc2534,d5bb4481-c2af-49c0-b9d2-623fbfc16758,Information and Ideas,Inferences,M
145da981,298fe3f3-a1cc-4f2d-9878-6e32ca1fa84c,Information and Ideas,Command of Evidence,E
2d2983b3,e97fe815-65ae-46b5-acf8-c3e18a6bc5b1,Information and Ideas,Inferences,M
224428ac,368fc106-9c14-46b9-a363-0ebb5b9b5aea,Information and Ideas,Command of Evidence,M
eca09a92,a0bf3e39-c2be-4285-97d2-9668dc0fdbc2,Information and Ideas,Inferences,E
ede3f942,f4a26f2b-ff3e-4afc-a69b-dfdccf46bdf3,Information and Ideas,Command of Evidence,E
7dab4d5d,cfd6e1ab-a30c-4a8e-8994-f72d07b0a2e2,Information and Ideas,Command of Evidence,H
014b3394,e46bbf40-c607-49b6-b493-1fb84005ae31,Information and Ideas,Command of Evidence,H
d76ea360,33334091-eb57-44af-95a6-fbc105389a91,Information and Ideas,Command of Evidence,M
66fd248a,cb36de75-9ada-404a-b492-e714308354bb,Information and Ideas,Command of Evidence,H
ead0fd9b,45ee9a51-b34a-4a7d-88e4-a8ede1c654a4,Information and Ideas,Inferences,E
7921b86b,f169ff49-6399-4c19-865e-7fa742c53258,Information and Ideas,Central Ideas and Details,E
46e45728,a05eaacd-e68b-4293-9cd7-26992ec8deb2,Information and Ideas,Command of Evidence,E
9c407117,9d63dd85-3fe2-4008-b144-de2a399f793e,Information and Ideas,Command of Evidence,H
6d69ab93,0ce08800-10d9-4d16-a1c0-8564259c6e1f,Information and Ideas,Command of Evidence,H
84136d69,dfb20639-8bed-48a1-a0d9-8afde28d856a,Information and Ideas,Command of Evidence,M
95146ebb,8966b09b-f9e6-47d0-9cfe-4335f223629d,Information and Ideas,Central Ideas and Details,M
9077be25,92844bb8-aa70-4193-b914-cb8832283584,Information and Ideas,Inferences,E
f27559d4,08272652-dc6b-4cfa-a163-587bce316822,Information and Ideas,Inferences,H
eaf22802,cebd824f-b240-47cf-8333-e2cff8bd0761,Information and Ideas,Command of Evidence,H
d1539546,b62b5e3c-9ea3-4e53-bebf-5bdccca9c8a5,Information and Ideas,Inferences,H
faaf484f,26d3a088-7084-4cd3-9dbe-5cd93c6824be,Information and Ideas,Command of Evidence,E
627d93e3,9d1ab342-87cd-4c5f-8c7e-dbd44981b5e0,Information and Ideas,Command of Evidence,H
bbfa2bb6,9cb7ff11-cb19-42f9-b8d2-f5191ec6866c,Information and Ideas,Central Ideas and Details,E
df9c5a1d,68c34ac6-b03e-440f-82e7-fa34d16e48a9,Information and Ideas,Command of Evidence,H
df654a2b,d7eb8d46-2dbb-4753-8598-3fce4bbc9cff,Information and Ideas,Inferences,M
daa90829,50ef9940-0c0d-4d71-a837-c302dfa17130,Information and Ideas,Central Ideas and Details,H
1d0b5bf4,bacab76c-19a7-4a19-9682-f83c329bf58d,Information and Ideas,Inferences,E
dc47c2ac,120d4012-6089-4617-a7f4-e27c49c875e1,Information and Ideas,Command of Evidence,M
7fdba7ad,b9c67542-abcb-413f-b2ae-e3f7d26e431f,Information and Ideas,Command of Evidence,E
485962a6,cfa370f8-719a-49da-9256-4fb44bdaad30,Information and Ideas,Inferences,M
d2e0cba5,c2cf9861-143f-4813-a9dc-64c755159797,Information and Ideas,Central Ideas and Details,H
bcbcc43f,7321ec71-5cd9-4eb9-93f9-7e268cefccba,Information and Ideas,Inferences,M
d8b78a2b,66bf7f66-7443-4f2a-b64c-6c40a8608f90,Information and Ideas,Inferences,M
33b1b285,f42209ba-02ff-43a9-a852-dfd9f7ce56da,Information and Ideas,Command of Evidence,H
cf3acc50,9844f862-b9a5-4177-bab5-04f7c54d1a8e,Information and Ideas,Inferences,H
7254379e,22a7e235-ee44-4c74-bca9-5b5d9a61b01a,Information and Ideas,Command of Evidence,E
4802f6a5,88f09db0-ab6d-48a6-a7a4-02954b32ce99,Information and Ideas,Inferences,H
23e2421a,277f8cd7-a3ac-4c88-ba07-bad5090de61f,Information and Ideas,Command of Evidence,M
d047abca,d2c959ac-1575-4de1-a4d2-179fd8f117e6,Information and Ideas,Inferences,M
df8caadd,44682721-c8ea-4139-b26b-49ad6d8ac1fa,Information and Ideas,Command of Evidence,M
9abc3ba5,21326304-c438-42e3-b752-1c1d94c7369f,Information and Ideas,Inferences,H
94c726fb,7a3af365-34d0-4df4-bb8d-63cded36ae99,Information and Ideas,Command of Evidence,E
98fd50f2,4de54913-205f-481c-b12b-f64e8d8f81d7,Information and Ideas,Command of Evidence,M
fc57d569,f446b6c4-fe01-491d-a6d3-c2ecde85de7c,Information and Ideas,Inferences,M
5ff1ba73,7eb3995a-1328-4088-bfa1-661911b8e49b,Information and Ideas,Command of Evidence,E
94978129,9557f652-fc18-4b47-a8e1-638716b0eec7,Information and Ideas,Command of Evidence,M
38facbad,0d431820-b3fc-41fe-9b35-b26b78b6f0ad,Information and Ideas,Inferences,H
abbea24d,e24d7288-d58e-49e9-92dc-1ba13221b2e3,Information and Ideas,Command of Evidence,E
0014477f,ad0501da-4d14-4062-b511-553221bbccae,Information and Ideas,Command of Evidence,E
5c73f0cc,e9f142be-2f7c-44eb-a99a-aa5eb0e586ac,Information and Ideas,Command of Evidence,E
b4cda84d,ad1536b8-b043-4d8d-8946-9aef5ae9a0fc,Information and Ideas,Command of Evidence,M
5b4829d2,0b8f215d-1b22-42fb-8f6b-1fb5afd5de8d,Information and Ideas,Inferences,E
7ffae38a,8ae4f9b3-f842-46f5-bc37-368fe0f440ca,Information and Ideas,Central Ideas and Details,M
706046f7,77a2ee2e-2bee-4a40-a24b-c3515b3bb5ae,Information and Ideas,Central Ideas and Details,E
409058ee,d79cda6b-8ba1-4775-a193-020ecb1ed970,Information and Ideas,Central Ideas and Details,M
7c9a65bb,fc1861ad-86ac-449d-9941-ad6dc31649dd,Information and Ideas,Central Ideas and Details,H
5c7e0d62,e3f5cf86-7091-4997-aa74-6fdf64b53dbe,Information and Ideas,Inferences,H
299c5303,931e76fd-1342-4591-9731-061725598a3d,Information and Ideas,Inferences,M
378c66d5,b31ad613-241a-46ec-a93e-8512bfcf837d,Information and Ideas,Command of Evidence,H
6762772f,ed0c6123-ffe9-4c37-9b48-dfe7c470ff88,Information and Ideas,Central Ideas and Details,H
b62cb782,29cd0558-b798-46ac-8f8f-6fada55955cb,Information and Ideas,Central Ideas and Details,M
dc5edbf6,a757bf98-d9a5-4e82-b9a7-849c764338f2,Information and Ideas,Central Ideas and Details,E
800771e5,df9e78c5-c006-4c86-af65-63e3ffced9c4,Information and Ideas,Command of Evidence,E
5105ca38,55d8d07f-2534-4a35-9ee9-6b05192a38c6,Information and Ideas,Inferences,M
d8758c3b,157a66e4-2393-45c7-b129-cabbbf204d2e,Information and Ideas,Central Ideas and Details,E
72c7dafd,6a7567bd-5e99-4a4d-9a43-78b9caf58754,Information and Ideas,Command of Evidence,E
22b3da87,1b36342b-8a0a-476b-9948-ea851a951a4e,Information and Ideas,Inferences,H
ca9dc00f,a48b7a71-d74f-4589-9010-e1a7a3afac2d,Information and Ideas,Command of Evidence,H
0021d326,cdec6f45-f788-41ed-b5ca-a993c1daa960,Information and Ideas,Command of Evidence,E
303537cf,6beb6b1f-fb0d-4ffd-bf54-7e868f01ee48,Information and Ideas,Central Ideas and Details,H
bcf2f169,611815f9-9f7f-45ef-b59d-26119ee9c308,Information and Ideas,Inferences,M
35ec767c,62e9e4db-75f4-462a-a8d8-577faa5c6eb0,Information and Ideas,Command of Evidence,H
0e3b4967,41a03d69-174b-43a7-be54-96a52f28ee57,Information and Ideas,Central Ideas and Details,E
b4da6aaf,52b060ac-688b-4d30-a9ab-f6591633cb77,Information and Ideas,Inferences,E
24c1b7e4,403a3013-0690-457d-bd78-5aba11ff4960,Information and Ideas,Command of Evidence,H
c188a397,fa0a5216-8d0c-428d-8e98-a3f86ee9ba48,Information and Ideas,Central Ideas and Details,M
ee41d7e0,2726ae9a-1dbe-4d18-bd8b-ee2cc3808a0d,Information and Ideas,Central Ideas and Details,E
fbb84fb0,c1854738-41cb-44ba-be7e-081b7dfd9993,Information and Ideas,Command of Evidence,M
11c00ab9,cbd580d7-1b7a-452d-8eb4-06f8db889ec7,Information and Ideas,Command of Evidence,E
73d457b6,56f276d0-7381-4372-865d-9872b5654569,Information and Ideas,Command of Evidence,M
41d5c33e,f5da42be-3aec-4b8c-8203-d3effdb98683,Information and Ideas,Central Ideas and Details,E
56f477fb,483cec0f-fa36-49b0-b170-d9f66685471a,Information and Ideas,Command of Evidence,H
cac82f9b,bae6bad2-17de-4f8a-aaf2-dffd919ba1df,Information and Ideas,Inferences,M
7afdcca2,f882a38a-852e-4004-a955-0286de09daad,Information and Ideas,Inferences,M
783d1388,ce4f3e39-cfd4-4f81-8349-6bbebc6ad702,Information and Ideas,Command of Evidence,H
af125459,5ad79e33-9613-4f29-9933-9caaa3d9a62d,Information and Ideas,Command of Evidence,E
b69d821d,0fe52692-f446-41bb-85da-d4c4a0788f86,Information and Ideas,Central Ideas and Details,H
cbdd5287,66352cf4-a0a7-4c66-8a46-9348e6f8d2b5,Information and Ideas,Command of Evidence,H
0045c234,de524c7e-6530-4cc4-889d-5f33fb362adc,Information and Ideas,Command of Evidence,H
923ebfe3,9398bf21-3d5c-4477-aa8b-53f600fa4ea1,Information and Ideas,Central Ideas and Details,M
09775cbf,15287480-0c69-412a-a5ec-856eedeac05e,Information and Ideas,Command of Evidence,H
f64ff4fb,0597edea-9496-40db-983f-e9f02858badc,Information and Ideas,Central Ideas and Details,M
e503ae04,5c8d4e5f-252d-41d9-939d-42e0259006b1,Information and Ideas,Inferences,H
f2208f98,186b2a9e-0ace-47a7-b2d5-4db88f390327,Information and Ideas,Central Ideas and Details,M
a3fb5e77,87a94542-6609-48ad-acd6-5ac706ccb0ba,Information and Ideas,Central Ideas and Details,H
3f7f35ea,30cea239-0ff9-42ad-9d98-d405e1b9cdd4,Information and Ideas,Command of Evidence,E
87023f34,a3f3d77e-57f2-4990-895d-58d6d0048f12,Information and Ideas,Command of Evidence,M
4fc9a13a,35ba1503-3ca4-4444-aa35-a1bfdee283cf,Information and Ideas,Command of Evidence,H
5d20f560,f401796e-9a02-41bd-9268-b628f63eeac5,Information and Ideas,Inferences,H
cae97f58,277bc788-7cff-47b1-8a2f-743e0b3a2537,Information and Ideas,Inferences,H
c088a9a9,853c4554-64d7-44c5-a3e8-5337cdf33310,Information and Ideas,Command of Evidence,E
748995b3,3ef60e7e-2222-4c2c-80a1-2d4eec7abb4a,Information and Ideas,Central Ideas and Details,E
8391a002,3999df4f-831b-45be-a3b3-2fa658b23a70,Information and Ideas,Command of Evidence,H
65502c46,1c881d41-fcc5-4b52-80a5-987cd6d115d9,Information and Ideas,Inferences,H
6317295c,7a33ed6a-f554-4d71-a236-4b61dee1e053,Information and Ideas,Command of Evidence,M
ab94d40a,467ea699-a005-4116-b3c0-6ccb84420217,Information and Ideas,Command of Evidence,E
4987f743,217d6208-9618-4749-b9af-b89fbf69da88,Information and Ideas,Command of Evidence,H
835545cd,5676d961-5796-4b5b-93e0-d7b19a75f64a,Information and Ideas,Central Ideas and Details,M
a842db60,85b52d3b-001d-4ff1-81fd-e1742c8c00aa,Information and Ideas,Central Ideas and Details,E
c384987b,f90fa585-a0e2-401b-8248-0995ad9856ac,Information and Ideas,Command of Evidence,E
9869c261,e9d90298-cacf-470e-a293-b7e0dd41e3d7,Information and Ideas,Inferences,H
a66f9b8d,15643717-e244-4e2d-87ca-dc8aa43efc65,Information and Ideas,Central Ideas and Details,M
1e85caa9,5a6ab4a7-204c-4a63-93a5-15775a471395,Information and Ideas,Central Ideas and Details,E
124fdcd7,93d69a24-a340-41cd-a1f4-68f2d6b98e24,Information and Ideas,Command of Evidence,H
93cad661,59206731-46c7-4374-a20e-ef25e0ff20cc,Information and Ideas,Inferences,E
03701ef3,63d5a03e-fc69-4c40-bf3c-5f1ff102349e,Information and Ideas,Inferences,H
54be8f96,7d889d5e-6ff0-4c2b-a1b2-9b0d56817fea,Information and Ideas,Command of Evidence,H
b1fab3e1,3fce28d7-22e3-470c-89cf-eb79aacad862,Information and Ideas,Inferences,M
84b5125b,df5d8531-326d-4361-b931-afa512a48841,Craft and Structure,Words in Context,E
fa014d2d,795e9067-ca0e-49c6-841d-5f4f976b3296,Craft and Structure,Words in Context,E
5fe53347,e10a23f1-8979-408d-8e57-c4ab2a0fac84,Craft and Structure,Words in Context,E
359902ae,2fcaff3f-b91a-493d-b21c-94e107bcf668,Craft and Structure,Words in Context,M
22a41819,ca10cb5e-4485-43c8-ad27-a479f82d04a8,Craft and Structure,Words in Context,H
ca50de52,b1adf182-66e9-46e9-9042-c66254ce602b,Craft and Structure,Text Structure and Purpose,H
82cb7dda,f3addd4b-328c-4aae-87c2-4a7a8af57f23,Craft and Structure,Text Structure and Purpose,H
f0be91b2,2e39c6e2-51e8-4fa5-9d27-6da71b094057,Craft and Structure,Words in Context,M
c977cfcf,17cf0e64-e921-4dbb-9d07-4a2e021ff5b2,Craft and Structure,Words in Context,M
e35d481c,bc429b96-1413-4cd8-89c4-e3801bcd22b4,Craft and Structure,Words in Context,H
45a109a3,622d080b-68f5-454f-8cb0-2a9f3be0c3f6,Craft and Structure,Words in Context,E
5e57efec,845daa86-f3a1-4235-a02a-508a08f01b9f,Craft and Structure,Words in Context,H
1c7fe9be,295098a9-c956-4c70-8a57-bdfa82220574,Craft and Structure,Words in Context,M
c966ad55,e90c65ad-7cc3-420a-a585-fcc04aabdc94,Craft and Structure,Text Structure and Purpose,E
757077f9,c9491ece-56aa-412b-b7e3-e714bff85f82,Craft and Structure,Words in Context,M
eb89dcc8,6a4d62ba-60da-4cae-a4a8-3e352892c144,Craft and Structure,Cross-Text Connections,E
2af2016f,86f1dfca-37f3-4b19-a864-e405655f0e34,Craft and Structure,Text Structure and Purpose,M
b13378c8,19d37226-360f-4850-89ea-9e75cd0875fb,Craft and Structure,Text Structure and Purpose,M
97e5bf55,7a76d554-0375-4e2a-b0b2-5df72b2ce5b5,Craft and Structure,Cross-Text Connections,H
d4a8f7cb,5f3280cd-e6b6-460d-9cd2-eff1f3095600,Craft and Structure,Words in Context,E
84ece3f6,e6fbbbe4-c5b6-4a17-ad15-62357497784e,Craft and Structure,Words in Context,M
95f037ad,b9466c37-9ae4-46a8-b25f-199f5c56b0db,Craft and Structure,Words in Context,E
d4732483,19cb3d61-e50c-4c69-8608-9f289cd7839d,Craft and Structure,Text Structure and Purpose,H
d9915c15,6eedf83d-8dfc-4a34-8f06-be2096a743ae,Craft and Structure,Text Structure and Purpose,H
e386a11d,863bb152-6133-4984-90ca-8ef258efa21c,Craft and Structure,Words in Context,E
e818241b,7fa24036-c896-44c1-ae1b-2a26f55b16f9,Craft and Structure,Text Structure and Purpose,H
a1139ff8,3defff55-27df-4f13-a97e-20c0420ab51d,Craft and Structure,Words in Context,E
d5ad34f0,6dedae33-5cfb-49d1-bc61-2ec133b77a3d,Craft and Structure,Words in Context,H
6c086e70,348803a2-877e-46b0-a441-f68a03ea9a54,Craft and Structure,Words in Context,H
236fee8e,271ff9dc-ee40-4cc3-b077-7d60cefb0e66,Craft and Structure,Text Structure and Purpose,M
97ab5669,e86701d5-1e07-4cfd-bac3-cb42173eff9d,Craft and Structure,Words in Context,E
be612a26,d7c11206-1d75-4efc-b61f-5619e10f2743,Craft and Structure,Words in Context,M
a0777403,602f691b-2659-4652-bb76-ca61180145b9,Craft and Structure,Words in Context,E
02fd3da7,f952519c-47b4-4050-b3b8-3934f05c1835,Craft and Structure,Cross-Text Connections,E
6c9f1727,ee427475-700a-4123-96a2-c2ab10dc89a9,Craft and Structure,Words in Context,H
06b96bfc,608d2837-f8c9-4257-876b-4c2faa74fb4b,Craft and Structure,Words in Context,E
3f37eb3b,a70f7ce0-6502-4275-9474-263708c54dce,Craft and Structure,Words in Context,M
93665100,dffba97c-0130-4b55-989a-cbe69ed1020d,Craft and Structure,Words in Context,H
0f040c50,7740dcbf-6582-4063-b1a2-01dbe8e08128,Craft and Structure,Words in Context,E
e1d5d5df,74ad1b5e-86aa-4896-b0cc-5c8fd88485c2,Craft and Structure,Words in Context,E
cef79fb9,485435e2-da9a-4cd8-a7d5-922ea61cca4e,Craft and Structure,Text Structure and Purpose,M
9e501aaf,148dfa4e-795c-4cdf-a773-08cd072b8dd0,Craft and Structure,Words in Context,E
9cdcd902,11f4885e-30a0-4023-b7fd-2b30f8d9c2f8,Craft and Structure,Words in Context,E
e459076b,dbc2545e-b96c-4d5d-96ed-0f7e1a1c373d,Craft and Structure,Words in Context,H
0462dac3,a4391066-927e-4668-af32-7c66692cdac0,Craft and Structure,Words in Context,H
eaea6f8f,d731ebc9-44c8-4a29-9258-39c857313259,Craft and Structure,Text Structure and Purpose,E
4974b053,515f70fd-1a8a-4b59-9fc4-a493d3ed0618,Craft and Structure,Words in Context,M
3ec184af,233c1b7d-48c1-434e-989f-84bcc9029899,Craft and Structure,Words in Context,E
105ea6de,c088488a-21d9-4bb9-b70e-a72699d804ca,Craft and Structure,Cross-Text Connections,H
5f56fdec,c34ddb49-ca35-4b85-b758-a1019984c4d2,Craft and Structure,Text Structure and Purpose,H
7d8224f9,8c664f64-49df-461c-9e0a-e0cdff7d0ad3,Craft and Structure,Text Structure and Purpose,M
2903a041,43ecabea-3f8f-4b48-8e5d-80853f68cd2f,Craft and Structure,Text Structure and Purpose,M
066a3295,719a1f6e-60f0-4416-866e-481a6f564467,Craft and Structure,Text Structure and Purpose,E
ac9a3a26,f00cced1-627e-44ea-8df1-1426316e7a88,Craft and Structure,Text Structure and Purpose,H
03c9f327,54287047-9ca3-4931-b6e4-13c25ad6e14c,Craft and Structure,Text Structure and Purpose,H
e3f05561,9f4b47ff-c0cb-4a47-be10-410a57a2160d,Craft and Structure,Words in Context,E
662ebff2,0fb21e0f-9c50-4188-9584-7dc983430729,Craft and Structure,Text Structure and Purpose,H
c4737d6a,89ad53b5-5784-473a-bce5-aa2c145ed03a,Craft and Structure,Cross-Text Connections,H
47598085,2f8259a1-06bd-4edb-89f3-e51e05143294,Craft and Structure,Text Structure and Purpose,M
710799ae,e6a89c32-d946-45e3-a460-50ba2c3c8868,Craft and Structure,Words in Context,M
5a97d9cd,0443f76e-d72d-41ed-b1a7-212994193aad,Craft and Structure,Words in Context,H
a87c3925,7c99a73d-836b-4ef9-82aa-79f1b2805261,Craft and Structure,Cross-Text Connections,H
4a2b2535,1254ceb3-3b92-41be-b677-6482492613a6,Craft and Structure,Words in Context,E
b0f7541b,88b3e233-c118-413a-b65c-fc38699130a8,Craft and Structure,Text Structure and Purpose,H
8d802289,456397f9-5c55-4d95-a656-9092ce714c90,Craft and Structure,Cross-Text Connections,E
7bf79a90,6a5801a5-5e56-4059-a9f9-0a1240267b59,Craft and Structure,Cross-Text Connections,M
9ccf463e,34595d00-e2e3-49d2-9ab1-7f222dc78786,Craft and Structure,Words in Context,E
835d1ae6,1085b281-818f-4dd0-9847-1aa7a662f01b,Craft and Structure,Cross-Text Connections,E
af4300b0,d7668860-9878-4087-b476-e548f9b28d5f,Craft and Structure,Words in Context,H
ca47273b,4cd606a1-d6ca-45f1-a331-a05fa924ae37,Craft and Structure,Words in Context,E
4c4db685,10aedcfb-dfe1-4eac-b1d2-89f7c794f9eb,Craft and Structure,Text Structure and Purpose,M
cf46f239,71c991c9-64ea-429d-a5f4-bd44dd6d470b,Craft and Structure,Text Structure and Purpose,H
69a6d050,5c87b72d-e67b-4861-bd6c-49c722059c99,Craft and Structure,Words in Context,E
805e361d,f01d6e44-be79-4f67-896e-a96a00d7112b,Craft and Structure,Text Structure and Purpose,E
81da17d3,62c97dfc-439e-441e-8088-c793d4e73986,Craft and Structure,Cross-Text Connections,E
617a8a10,99796d7a-46f5-4858-8eb8-9ee4c9d9f526,Craft and Structure,Text Structure and Purpose,M
23974d6c,2aa88c7d-f601-464b-8ce5-3d9bdc05cab6,Craft and Structure,Words in Context,M
e41dfaab,50dae82d-91e1-489c-ab31-8af664bc9707,Craft and Structure,Words in Context,E
e13171c4,166b4da7-a028-4e27-afcc-a6087b2bd8af,Craft and Structure,Text Structure and Purpose,E
190857f0,8656a5f1-3a91-418f-81e9-f4fbc3a8e978,Craft and Structure,Text Structure and Purpose,M
4d1a9c0d,138cb6f2-d4f1-430b-9a21-b645929a5d0b,Craft and Structure,Words in Context,E
b5898291,0db84683-3874-4dec-9b2a-b95867879bc6,Craft and Structure,Words in Context,E
5effa190,5322a747-7ecf-48ec-a8dc-eead867b57de,Craft and Structure,Words in Context,E
a49500cc,f92df5e5-64e5-4ca2-90a2-cabd8a1c6b00,Craft and Structure,Words in Context,E
f3fac04f,d9aeeac9-0ed0-4fd1-83af-365e28e781a0,Craft and Structure,Words in Context,E
d6c77ae5,2b57698d-356d-421f-be23-218f93c7aa09,Craft and Structure,Cross-Text Connections,H
6d5ddea4,7f5faea8-d474-4411-8cdf-c80ad4475330,Craft and Structure,Words in Context,E
df46a2ee,76bf8cd6-f573-4f30-a750-5030c3070924,Craft and Structure,Text Structure and Purpose,M
5a278f24,0295cfad-2b39-4295-b361-841f00e1c7a6,Craft and Structure,Words in Context,M
76e4c51d,2085ab1c-d19c-4090-ba16-7c45610503e7,Craft and Structure,Words in Context,H
4b8244ca,decacff8-b174-4cdb-9bcb-5c5714d5025d,Craft and Structure,Words in Context,E
a2835734,0dedefd3-51a0-4b69-8d27-70bd2b8d1fc2,Craft and Structure,Words in Context,E
ff97fd53,e10a2463-11f4-44df-ab31-13c0300681bd,Craft and Structure,Text Structure and Purpose,M
c61a7c4a,88c8e1f6-8795-4358-bb1f-59f9a63ecc2e,Craft and Structure,Text Structure and Purpose,H
d529c1ad,1aff86ca-a9d5-4205-8ff4-c9fe42e6a26e,Craft and Structure,Words in Context,E
37219ba2,4afa64a5-d8ae-4ef9-bdbd-2966534f1180,Craft and Structure,Words in Context,E
a2f64e58,1620c171-f321-4ee4-a855-19c83d327964,Craft and Structure,Text Structure and Purpose,H
e26d23c4,ab82cc07-c157-47a0-b544-992d042c4cb7,Craft and Structure,Words in Context,H
acb852e7,5f5ee9b3-7025-41ae-ac00-71afc199772b,Craft and Structure,Text Structure and Purpose,M
98364791,7c59600e-84ce-444a-a00b-274cf3423c3b,Craft and Structure,Words in Context,H
adc8ea28,fe16e6f7-d37d-4568-9ff3-1c69bfc31d91,Craft and Structure,Words in Context,M
9107ad5c,028d8fdd-ec23-4549-a8fe-894187f95103,Craft and Structure,Words in Context,M
aa5897b8,0bfc085a-d882-418f-a208-100aefcda7fa,Craft and Structure,Text Structure and Purpose,H
a4ca92fd,2f3c8ee3-dded-479a-9c37-f33b9d2ca2ad,Craft and Structure,Words in Context,E
7f935017,7a84daaf-4322-4bdc-aed9-b52f165cfc97,Craft and Structure,Words in Context,H
8de51658,a51fd4f7-ce66-4ac3-a2b9-c32c832d314b,Craft and Structure,Cross-Text Connections,M
e0656211,270aa465-e0d8-43f8-b2f5-6a42058a1721,Craft and Structure,Words in Context,M
d91e5499,40a6e0a3-6546-4f86-94a3-674e8b7539c4,Craft and Structure,Words in Context,E
9421ed62,bc6ee0b9-9725-4ac6-8dde-b98186c5dfb4,Craft and Structure,Text Structure and Purpose,E
059f7201,90a4a88d-8b15-48a0-9609-1f6769ed7df0,Craft and Structure,Cross-Text Connections,M
c502943e,3ec391b1-5631-41ab-8f96-831f600e0aa8,Craft and Structure,Text Structure and Purpose,E
7d84fe2b,73f9ca81-f6b5-49ab-9b9e-7b80671f70cd,Craft and Structure,Words in Context,E
d2eb1df1,e8f42017-36db-4b1b-9645-16fbcac857f4,Craft and Structure,Words in Context,E
be94c9fc,cc4c76e5-535b-4376-baf9-3c6a772c0cf3,Craft and Structure,Words in Context,H
d72b325e,d53760bb-41c2-4232-a2eb-abb0d8e0b051,Craft and Structure,Cross-Text Connections,H
cb526866,7af27d6e-8e6a-4c97-8f8f-f7b9396692a1,Craft and Structure,Words in Context,E
4b4ab04e,c9e092ea-db85-4654-9843-1ccec316a12a,Craft and Structure,Cross-Text Connections,H
fb8b56bc,54ae5270-4716-4559-8c1d-f30bde8729c0,Craft and Structure,Text Structure and Purpose,E
83687083,dd3fc9b7-9ac2-4318-9a85-01a56c1022a0,Craft and Structure,Words in Context,E
637d0878,c28bc354-77cf-412b-a34b-d9fd49dfb362,Craft and Structure,Words in Context,E
39857700,db577fba-f840-47e8-adf4-84d7e79e8c3e,Craft and Structure,Text Structure and Purpose,H
ed52a093,528036fb-b773-45a9-a0e1-9d0a9ac30ee2,Craft and Structure,Cross-Text Connections,E
e929fe98,efc08b9d-1d6b-407d-bb5d-8f6c5cc24bd9,Craft and Structure,Text Structure and Purpose,E
2aaee77f,21e6d1f4-15ed-49a1-87c9-cbcd3f0b78ed,Craft and Structure,Text Structure and Purpose,E
f61c22f3,cdea167b-1a74-40c4-8d5c-8ac7df6c79cb,Craft and Structure,Text Structure and Purpose,H
54804e10,2e3a13e3-1586-4dd0-bc91-532ea8ad3efe,Craft and Structure,Words in Context,H
6cf906fc,ead8caf0-2120-44b4-ac53-a12d2e19856b,Craft and Structure,Words in Context,E
4480fae9,cb6b6b1b-7743-4c58-a006-f4432bbd11f8,Craft and Structure,Words in Context,E
5d2fd27d,76d6d4be-31c1-4303-8399-9cab44b67135,Craft and Structure,Words in Context,E
2e744883,80a9df22-3265-4910-8184-697981cf744e,Craft and Structure,Text Structure and Purpose,H
0f2933b9,12555f35-ee6c-44a8-a5e3-33a7ee95ffa6,Craft and Structure,Text Structure and Purpose,H
e3ffb854,ff1f5493-83bc-4145-abcd-5a553c514505,Craft and Structure,Words in Context,E
9aa44886,01e38e21-9fcc-47d0-befd-d547fc90bc9c,Craft and Structure,Words in Context,M
e1befb41,4cdb7643-8ee1-4dc5-b7f3-5d6e6ce61444,Craft and Structure,Cross-Text Connections,M
afd48140,0524fed6-0b7e-4b79-ab77-46395a4aba62,Craft and Structure,Words in Context,E
ab1bd603,70b8fe32-ad91-4e0a-9e70-fc607d6bda0d,Craft and Structure,Words in Context,M
b4887dae,cfed6bf7-ec1f-4dd1-bc04-daa74a4bb1a3,Craft and Structure,Text Structure and Purpose,H
c68ceeff,e922c1df-ab9c-47b9-b4c0-1bdf3bfa1b7e,Craft and Structure,Cross-Text Connections,E
cf9a00e0,1cf93ffb-5176-440c-a8f8-38281da15027,Craft and Structure,Text Structure and Purpose,M
29741ebc,d8f2d55e-1a54-42bc-9c26-4590addf0853,Craft and Structure,Text Structure and Purpose,E
6e3fdd1a,3e2440f0-a872-4575-a256-8df5dd1a9aeb,Craft and Structure,Words in Context,E
9b22bf7b,6580ca6a-cfd2-4b81-8c28-03ae9d76318f,Craft and Structure,Words in Context,H
daaed806,0ff467f3-58be-4ab7-9e76-c8c0d4ba2ee2,Craft and Structure,Words in Context,E
d2a90d4f,14ae6d0e-38ba-4602-8f74-5dedc287f6bc,Craft and Structure,Text Structure and Purpose,E
84f9b577,0d3d15e7-8edc-4730-840f-5084f76415dc,Craft and Structure,Words in Context,E
5514fd1f,a31bc539-61e1-4832-8a73-3c1d92e98529,Craft and Structure,Words in Context,E
3e6ad72d,27ab244a-eb2e-4ba2-a8c8-76ef13c5e2fb,Craft and Structure,Text Structure and Purpose,H
f3c45b4f,1654cd84-f39b-43db-80e8-cf0e6d4b9926,Craft and Structure,Cross-Text Connections,H
bdab32fc,93e5ee6c-f243-4144-b2d4-35213665d0e7,Craft and Structure,Words in Context,E
e8c26398,575dc2a9-68a2-4c57-80be-8e72eb84c207,Craft and Structure,Words in Context,M
4830ab87,f6091079-bc99-40fa-9c7d-aac6bb0c1952,Craft and Structure,Words in Context,M
5336f2e4,1e70c390-74ee-4d74-94fa-daff0424d92b,Craft and Structure,Text Structure and Purpose,H
6f5fc289,0521c2e9-08c3-4a63-b9d0-3a9cf68944da,Craft and Structure,Text Structure and Purpose,M
1455b754,56a6e247-3219-43b9-8ec1-3e5b2c20ad60,Craft and Structure,Words in Context,H
631a1b64,1af032f6-cab8-4e18-889f-5bf400804724,Craft and Structure,Words in Context,E
7bc05fa2,cbf9da5f-f1c5-430c-b2fd-d27e74034d2f,Craft and Structure,Words in Context,H
65406d2c,5c299e65-5cc8-407b-a73f-f13b6f6b5576,Craft and Structure,Text Structure and Purpose,H
10c236ce,66ed1573-e520-4752-905b-e67ad85b68a4,Craft and Structure,Words in Context,H
b92c13fa,56a4297d-ab15-4d3c-b23e-95dd4b8f5317,Craft and Structure,Words in Context,E
f7c02e89,34e8b9ad-89d4-41b6-b8a3-c83eb9cbf5db,Craft and Structure,Cross-Text Connections,H
b44066dc,474df432-dad4-409f-9668-6060c937748a,Craft and Structure,Words in Context,M
74ee7737,290fa114-1e66-4edc-be91-af800775d355,Craft and Structure,Words in Context,E
809addda,c0d5cda2-7f7f-4ff4-8770-c67f7547c647,Craft and Structure,Text Structure and Purpose,E
82c05b34,f9291899-64c6-42eb-a379-30bc15199332,Craft and Structure,Cross-Text Connections,M
849bf8d7,5cebd626-c5bf-447f-a745-d8363f321bd1,Craft and Structure,Words in Context,E
f7d58b53,11e8ef1d-8a5f-4b84-8754-e972b9757d23,Craft and Structure,Words in Context,E
6286dd96,b867f47a-68a4-4c84-a661-e10ad53f6c12,Craft and Structure,Words in Context,E
8b46bb51,bdc66de0-9bbf-4330-9392-8c66057837f9,Craft and Structure,Words in Context,M
44cc5f75,cea065bc-7b0e-462f-becd-f5577217fd37,Craft and Structure,Words in Context,E
aaa3ee7c,e1c2edb3-9696-4ebc-97eb-0f9439d30a41,Craft and Structure,Words in Context,H
afd2a9eb,11826936-eafe-4e3e-bffc-413f20fc3a51,Craft and Structure,Words in Context,E
4ed09415,a1fb437b-5ff4-416d-99c7-ab4b00b97f92,Craft and Structure,Text Structure and Purpose,H
3654202f,f0b1f9fc-75aa-41dd-8a8c-c7686e6629b6,Craft and Structure,Words in Context,E
ea971260,114e4b2d-8d06-4afa-bc3d-1b27cc0e7446,Craft and Structure,Text Structure and Purpose,E
975b0602,97a5db5c-98a1-4fac-97ef-117af4272b34,Craft and Structure,Text Structure and Purpose,H
2b085bc6,e7bb11cb-8c17-4290-bd1b-5ffba54bbdbe,Craft and Structure,Text Structure and Purpose,M
03f5a9b7,e5f96c7a-1d41-4770-b369-48b1a28e1456,Craft and Structure,Words in Context,E
edd64a4a,9b93faf4-0537-4286-9930-2afe62d44731,Craft and Structure,Words in Context,E
f8ca5766,19475bfc-adb9-49a8-8605-07a5378bf15b,Craft and Structure,Words in Context,E
271a5017,9cd9bd44-1c9d-4da9-b40a-e9c317cdd49d,Craft and Structure,Text Structure and Purpose,E
9671d61d,625f5ce2-ea7f-47ab-bc02-5689c89e0902,Craft and Structure,Words in Context,E
0b5ecf0e,8e977476-4530-4bff-ab87-72b97c08f9a2,Craft and Structure,Text Structure and Purpose,H
213a25d1,e662866f-b53a-4050-9564-07e4a17b9e5a,Craft and Structure,Text Structure and Purpose,M
a06c434d,94dcf619-8c65-49bb-af1e-f8bc0e5c3760,Craft and Structure,Words in Context,H
ea9dfe27,dd21159d-d3f8-45e2-aae9-c408f3e221b7,Craft and Structure,Text Structure and Purpose,E
ba974387,21100c10-4a3a-4a15-93d0-9c8e29687269,Craft and Structure,Words in Context,E
c8603ed7,ba47850b-1535-4452-8168-b466e906582d,Craft and Structure,Text Structure and Purpose,E
9c759a09,926776f3-b17f-41a4-a3d2-ec4626de0ab5,Craft and Structure,Text Structure and Purpose,E
ce8c03a8,bc0218b4-fc24-46c5-9fc0-3093493ae435,Craft and Structure,Words in Context,M
05575bca,2b0ec1b9-82bf-48d1-9817-b1fc4aaab9b6,Craft and Structure,Words in Context,E
c7265342,cbc70f4e-6db0-4909-b289-cba0c0a74c2b,Craft and Structure,Text Structure and Purpose,M
5a4b147c,32674912-212e-4fe3-bbee-05839397bbaf,Craft and Structure,Cross-Text Connections,E
c6bd3447,8483879d-603d-4510-b7e9-05084ac72020,Craft and Structure,Text Structure and Purpose,M
b411eb09,22aee311-bf13-42f1-867e-fbf71ee4ecfd,Craft and Structure,Words in Context,H
8963273a,ea87fbd0-5e50-4c67-9cf3-097c9b3681e1,Craft and Structure,Text Structure and Purpose,M
c4900368,974b9c60-47e6-4642-bb02-bdbca4f56fd4,Craft and Structure,Text Structure and Purpose,M
1ad04ea0,ea2589eb-9e1f-4005-a0c7-0b5721317471,Craft and Structure,Words in Context,E
a68239ed,0c915748-3254-47e8-a2e0-e245099b3dfd,Craft and Structure,Text Structure and Purpose,E
592f94c2,51519b20-3a00-4154-8ba3-8d08a2b8fc66,Craft and Structure,Cross-Text Connections,H
04e4c51d,7e0b7d3a-ada6-4213-90bd-2c0eed52f2a6,Craft and Structure,Words in Context,E
422c5068,231583a6-b3eb-41cf-bc8a-41e1fac75709,Craft and Structure,Text Structure and Purpose,M
479c7e82,ab4f824a-0bae-46de-b416-7eaa2476984d,Craft and Structure,Words in Context,E
52fe862a,de4db60e-8686-45b9-9f67-b2f3504f4c15,Craft and Structure,Words in Context,E
74446089,0e72b9ee-4ae3-4961-9f29-27da9fd2c52e,Craft and Structure,Text Structure and Purpose,M
2e8ab360,11ddc0d9-49ae-4f5e-a32c-7c8aaabe8ddd,Craft and Structure,Words in Context,M
c14daa3c,edd110d7-6707-4876-9f5f-dfa02104e47f,Craft and Structure,Words in Context,H
d3ca5d59,d7b12c3e-7c14-42b7-b6e3-968401ad557d,Craft and Structure,Words in Context,M
7a327791,3511c2a7-97de-4c58-8cdd-06f33e46b181,Craft and Structure,Words in Context,E
0ee67e09,968e7f76-b51a-491c-bdfe-921f5d4e6b46,Craft and Structure,Words in Context,E
760ee1db,cd212f17-eef7-4563-b4e3-9ba6e374a6ef,Craft and Structure,Words in Context,E
417f8dfa,7a2c8836-7561-41d9-a391-1a2361cad7b6,Craft and Structure,Words in Context,E
e5ca7687,85e286ca-e741-446a-a2f4-e98e6095a4dc,Craft and Structure,Text Structure and Purpose,E
c5b1afe5,5ab9e25c-d33b-480e-a713-c128b553594a,Craft and Structure,Words in Context,M
84dbd633,27d889c1-4263-4d7a-8bc6-f0549d1247ba,Craft and Structure,Cross-Text Connections,H
97ca2cda,fa3d1dfb-6e23-4719-8784-4d2976c38943,Craft and Structure,Text Structure and Purpose,E
a2dd51c1,ed628125-1859-4622-bafa-5fd5cd10bbdd,Craft and Structure,Text Structure and Purpose,E
9d73c9eb,359d3222-87e8-42c3-9002-6cfe68cb2f58,Craft and Structure,Words in Context,E
81a3a607,c5e5c8c2-3f39-450b-907e-e7983208d347,Craft and Structure,Words in Context,M
96f3accc,29e37d20-b74b-4e20-a838-3fa83260cb28,Craft and Structure,Cross-Text Connections,H
1695391a,5ef55ec1-fac7-4795-a283-c2458b390a51,Craft and Structure,Words in Context,E
995358b4,9770f199-af07-4d33-97e9-37366cf8baa7,Craft and Structure,Words in Context,M
48e4021d,d4330d12-8b99-4d4f-8c4d-4b2c7be0c927,Craft and Structure,Text Structure and Purpose,E
8d579825,4ba15838-4a46-413b-9306-75dfbba2bcae,Craft and Structure,Words in Context,E
85083d4d,150382c0-32c8-4a03-a4e2-e75e01f4d5ce,Craft and Structure,Words in Context,M
3566120b,9d21eb26-86d3-4193-9e31-607f67f13f4e,Craft and Structure,Words in Context,H
f2c48e47,6a07c552-55b8-4327-80fc-4e6817708953,Craft and Structure,Text Structure and Purpose,M
79dec1e1,59d4e01c-ca0e-46e7-8e34-fa003898eec8,Craft and Structure,Words in Context,E
bcc91b1e,8fed581f-1329-4cb7-8727-8c2037159d3d,Craft and Structure,Words in Context,E
7d075fc5,3b857205-9399-406c-9581-60229257194e,Craft and Structure,Text Structure and Purpose,E
9645f55e,f13ab5d0-6fea-4c54-999b-ed0ead5c6e92,Craft and Structure,Cross-Text Connections,E
f1c9d2c1,c84de96f-8a11-4841-b4c1-2d551188f74f,Craft and Structure,Cross-Text Connections,M
31d0bd9a,20fbf413-7cdc-4095-9049-97cfda456a48,Craft and Structure,Words in Context,E
dc043599,7e3611fc-9f46-405f-94ba-467e4976e0e1,Craft and Structure,Cross-Text Connections,E
cf9a3f34,6e6dadd5-84d8-4351-ab87-72d752a07fcb,Craft and Structure,Words in Context,E
70612a79,3404cd91-3bc8-4067-91ef-f45e0f508b0b,Craft and Structure,Text Structure and Purpose,E
1b5d4e3e,16fda5ff-ff75-400f-aa99-6cbb9497d1be,Craft and Structure,Text Structure and Purpose,E
dc234d74,a1e8699f-954c-4f4e-b0ea-95f400636c11,Craft and Structure,Words in Context,M
47955354,3df1c9a3-2e5a-429a-b8dc-f8bafc6c9918,Craft and Structure,Words in Context,E
a3761c7e,40bb3e5d-a1dd-49ed-a57a-c8772051e9d2,Craft and Structure,Words in Context,E
34d7bb25,a83de30e-b2fc-4be2-9fdc-19216a085296,Craft and Structure,Text Structure and Purpose,H
a086c2cb,931c68e8-c59b-4d75-8c98-213ba5557018,Craft and Structure,Text Structure and Purpose,E
c0e1b70a,eb3dda15-c27a-4917-8be4-98b64ffb032a,Craft and Structure,Text Structure and Purpose,M
a20b7511,a0c24ca5-51c5-452d-8ec0-5c2da945b392,Craft and Structure,Words in Context,E
bce4d106,c8685aba-8be7-472a-b8de-550578033409,Craft and Structure,Words in Context,H
bbb77c84,74a079ad-8f88-4f78-b283-59cabdf3c8ac,Craft and Structure,Words in Context,H
f631132b,9c257555-c00b-4e1a-b84d-8f995da3632b,Craft and Structure,Text Structure and Purpose,M
80ebb189,4afe3db2-b623-42c2-85aa-cab808b4b049,Craft and Structure,Words in Context,E
47904792,80e90694-117c-435f-b567-665c56252212,Craft and Structure,Text Structure and Purpose,E
e7d37666,19bfac22-c7f1-44c5-ad77-cd2e8185eb37,Craft and Structure,Words in Context,H
b940952c,275ad6c6-c431-4660-a1ce-0de13c039334,Craft and Structure,Words in Context,E
570970cd,bcba58ca-6a99-4a94-b120-d3a1909d3ad5,Craft and Structure,Text Structure and Purpose,H
683f66c9,7c28e20b-3062-42a5-bc4a-4f3e2a5a8f11,Craft and Structure,Words in Context,E
eae66bf9,06b4befe-cc57-404a-b9d6-dea9e85fdec6,Craft and Structure,Cross-Text Connections,M
a1ff8ce3,ca82da8c-c2b9-45b2-8f62-1aff0d7b4de2,Craft and Structure,Words in Context,H
9a94eb77,6fe7b031-d196-4dfd-a88d-f5e0b7402cc1,Craft and Structure,Cross-Text Connections,M
5e4e082c,5fe644fc-ee4d-4803-a075-bee28870961b,Craft and Structure,Cross-Text Connections,H
7b4dde72,c2c803b2-12ef-43e1-9e6f-fd55ed2b943f,Craft and Structure,Words in Context,H
35fd0eb4,f1366bb3-df7c-4ee0-8445-561b1496786a,Craft and Structure,Words in Context,M
c8a2af72,4917047d-ce23-41a2-ad6e-c48333ba9b65,Craft and Structure,Cross-Text Connections,M
10a409bd,80854706-ff1b-4973-95ea-631207d93c52,Craft and Structure,Words in Context,E
a60b0004,62f1d2d5-5df8-4338-925f-1fae85ea6f74,Craft and Structure,Words in Context,H
a5e747f0,fa690c59-b7d8-42c6-9e63-de35fb8e9ed8,Craft and Structure,Words in Context,H
03080769,c232aa2c-2e8a-487c-9daa-505a57ba1aab,Craft and Structure,Cross-Text Connections,M
b0ea8c28,7c826b0e-e21f-4bac-b7fe-047b231f7ca1,Craft and Structure,Words in Context,E
749f3334,511211a7-f7ba-49f7-af08-8c075158a19c,Craft and Structure,Text Structure and Purpose,M
fce80a36,fed69a30-de93-48a7-9a9c-2a11be5cb673,Craft and Structure,Words in Context,M
e5e7f264,4e5f6549-43db-44f3-bb94-e18e500d3b87,Craft and Structure,Words in Context,E
e4e2aeb3,dc9f8834-4a33-4df5-95e4-1900e4f12d32,Craft and Structure,Cross-Text Connections,H
0d402146,6f73ae1d-2a53-4dd9-b5ea-b1b1c2f3b734,Craft and Structure,Words in Context,E
e5da61f1,9151070e-2d5c-4763-9c7f-e3a2018d7c53,Craft and Structure,Text Structure and Purpose,E
ac5bf490,a7ad458a-f29f-46e2-9e97-afc78847295d,Craft and Structure,Text Structure and Purpose,E
6a1dc7c5,d149ddec-9f97-4f22-a5b6-683f4090e8b9,Craft and Structure,Cross-Text Connections,H
5dce6cab,bad731cb-eb93-479c-8a7b-c33e8f78e7b0,Craft and Structure,Words in Context,H
edbc6cca,3a426293-3d0c-4938-8e24-6def7aeb6b41,Craft and Structure,Text Structure and Purpose,E
d4e8662d,a20b2ca0-69db-4750-ae47-4d37bd2c93c7,Craft and Structure,Words in Context,M
8a47383f,990c9310-5d34-46f4-8687-30348c534f20,Craft and Structure,Words in Context,E
f99847ed,c45d2a3d-9058-40c8-86f7-b90d2f7736d7,Craft and Structure,Words in Context,H
bcd924a5,8ec1be26-3414-4bbe-a886-6cc14889c7e2,Craft and Structure,Words in Context,E
83fd3cf4,9853dfa0-9c0b-411a-ad18-207f4113feb5,Craft and Structure,Words in Context,H
5e101c70,70210034-540e-47df-82a9-09dd65daf1ae,Craft and Structure,Cross-Text Connections,H
df45f0eb,286bac89-75e1-4286-a693-0b58ff7fb444,Craft and Structure,Text Structure and Purpose,H
2d77660e,4b64bb5a-1640-497f-9cb4-24af67c229ba,Craft and Structure,Text Structure and Purpose,M
12d81fc1,f80d1e61-9573-4a9f-b2f8-f179a789a2f4,Craft and Structure,Cross-Text Connections,M
af43b0bd,1ac31154-0bb8-4bee-bd86-75ce7ce0ba63,Craft and Structure,Text Structure and Purpose,M
5127fc1e,1f888d4d-cf99-4016-a73b-088ef836dc5a,Craft and Structure,Text Structure and Purpose,M
6ae393f7,1d40f21f-4afe-4105-8efe-b1cb7667042d,Craft and Structure,Text Structure and Purpose,H
16f2d678,a5de0431-b778-4957-aae9-f107e1a2ab49,Craft and Structure,Words in Context,E
e4f312c5,2d3316e7-0698-4c60-bf30-9fbd363c2a15,Craft and Structure,Words in Context,H
a4f50d30,f8e1772f-9571-490e-b9a9-e0eb7b8ccb5c,Craft and Structure,Words in Context,E
fa7a89f1,ca27472a-726d-4bae-a5fe-07cdc73bae6e,Craft and Structure,Words in Context,E
e37b9e34,24e1b704-452c-4aee-9a4a-ed63134e1c83,Craft and Structure,Words in Context,M
faa5696c,69fdc782-f0ad-4615-b005-4f8c3af61122,Craft and Structure,Words in Context,E
f0ae0da3,918ce129-70e2-4dee-86da-06f2ab0444b0,Craft and Structure,Cross-Text Connections,M
b3e145e4,52ed9f78-57e4-49db-8d52-e1b7d3ad5772,Craft and Structure,Text Structure and Purpose,E
54c6128b,f1173373-68e6-4e0b-bb17-9e691425cb0e,Craft and Structure,Text Structure and Purpose,M
2c50ed1a,1c5a0f46-361b-4d1f-9fd8-82df4dc8295a,Craft and Structure,Cross-Text Connections,E
0ed94d4c,fa3b0868-3f29-4a0e-abca-9354255b5f4a,Craft and Structure,Text Structure and Purpose,E
d8d33cc5,16ffff21-d68d-458f-b3ba-778145a5ffcd,Craft and Structure,Words in Context,E
79fe7550,48f58e5b-56ce-4765-8efd-ee56f9003796,Craft and Structure,Words in Context,H
0a04cac5,5a6b4fb8-c7e5-4ce9-84ba-1d44b4be1dda,Craft and Structure,Text Structure and Purpose,H
1fa751f1,e4ff61a3-8e09-4f98-a23c-21f739f73535,Craft and Structure,Words in Context,M
1d9a09c0,415fe94c-ab61-423e-be12-248420d84c52,Craft and Structure,Text Structure and Purpose,E
49bbe4d7,3e7eb38e-32c1-4df3-b144-b9d1d5beac6c,Craft and Structure,Words in Context,E
f6d1f735,b1369263-4ba9-43c9-b7d6-20aa61efe9d4,Craft and Structure,Words in Context,E
fcc328c6,2a0b4af4-97f4-4908-9ddd-49e0b40dca7a,Craft and Structure,Text Structure and Purpose,E
01de46bb,1b1c4ea0-13e3-4b12-b816-9f277ccd9641,Craft and Structure,Words in Context,E
aa7ae735,d1cf2aa4-3cbd-4fee-b186-c241183fc074,Craft and Structure,Words in Context,E
a7991da1,f8b434fb-6251-45d0-bce9-7473565978b3,Craft and Structure,Words in Context,E
84a7fbca,42ffe228-94a5-4f30-af1d-0724a6e9a196,Craft and Structure,Words in Context,E
5179fd36,c518470f-82cc-4e18-994d-a1186ef6afbc,Craft and Structure,Words in Context,E
1f2d6173,77d9e3c0-d312-40eb-a54b-06a3589a4335,Craft and Structure,Text Structure and Purpose,H
428cd2c1,f522b365-f853-4553-b809-e6b3752f1e5a,Craft and Structure,Words in Context,E
62a18353,57367f5a-845b-41c3-a3e2-6150dc98d690,Craft and Structure,Words in Context,M
4eee64fa,9d7b4f85-3a2b-4e6a-bc64-ca9e159e8105,Craft and Structure,Text Structure and Purpose,H
c2c26e20,412884c0-234a-4f98-9fd6-2a4030b982fc,Craft and Structure,Words in Context,E
4b54bbf0,adc6efb5-1b1e-4fc4-b769-b2f90520e6a7,Craft and Structure,Words in Context,H
1374a9fa,9f230c32-c66e-4279-9476-6ae4fa8d63fe,Craft and Structure,Words in Context,M
a70cbc53,eb41fdd8-5221-4465-89b4-84796c6e4441,Craft and Structure,Text Structure and Purpose,H
3d658a5a,0fd533da-56e3-48d2-be14-a0a3becb6886,Craft and Structure,Words in Context,H
cd2ce51f,e73e5d84-44b1-4e72-a9c2-6fdd89275967,Craft and Structure,Words in Context,M
17bf10de,a064e000-78cc-447e-93c8-47f55b155b7b,Craft and Structure,Cross-Text Connections,H
b4c6cff6,4903c40b-ba93-4f98-9f88-9eb2761045ec,Craft and Structure,Words in Context,M
d8d1ecaa,e257f385-1988-4616-9742-5ef7a832d1db,Craft and Structure,Words in Context,M
d0198544,3bea6b9a-96a6-43dd-8d02-b5a6c418aca7,Craft and Structure,Cross-Text Connections,H
a2be625e,8a008194-d038-44b2-968e-fcbc15789b3c,Craft and Structure,Text Structure and Purpose,M
ab56a107,6ea6be63-d92d-4ba8-8655-262858f55e62,Craft and Structure,Cross-Text Connections,M
f773a56b,b154b281-43c3-4c4a-8c20-99379d2dc68c,Craft and Structure,Words in Context,E
f653b273,a0d46584-d43f-4faa-8b45-3a6f78a6485e,Craft and Structure,Cross-Text Connections,M
7afb470b,ad86475b-ae63-4b20-9842-08121ceb3bdb,Craft and Structure,Words in Context,H
5e732e67,c108292b-f5d4-48c1-8551-791dae982b3e,Craft and Structure,Text Structure and Purpose,E
d9e55268,8349ae46-df73-4387-9c4e-704a441d362e,Craft and Structure,Text Structure and Purpose,M
93ce86d0,3fdc81f8-5aca-416d-b02b-12ef1ee5a27a,Craft and Structure,Text Structure and Purpose,H
faee8ec7,4ebda356-e24d-43e1-bc57-b475228f9295,Craft and Structure,Cross-Text Connections,M
c19b2f77,75d0401c-75d9-4070-be56-daf441f2908a,Craft and Structure,Cross-Text Connections,M
14b7dced,adce3048-dd82-4590-b1dd-157f352fe7d3,Craft and Structure,Text Structure and Purpose,M
3118ca93,23e6fdc3-ab8c-46ea-8898-6152e4bf95fb,Craft and Structure,Words in Context,E
21d95d1d,e5b204ce-8d37-415b-a8b5-83f606ed8d83,Craft and Structure,Words in Context,E
b622fb78,4ef63eaf-90f8-4e95-9136-6b1800994292,Craft and Structure,Words in Context,E
56ec23a0,cffc9b1f-c10b-4f3c-bde4-418ef75a5f08,Craft and Structure,Text Structure and Purpose,E
a318c1ef,11127b50-fc2e-4855-bc80-1d7d3c85764a,Craft and Structure,Words in Context,E
e56b66e5,13e8c84b-e1c2-43b6-a7a2-bb284fb43c68,Craft and Structure,Words in Context,M
bce627d9,f0d86904-3056-437a-b590-5363205a9d0d,Craft and Structure,Words in Context,M
f83f0aab,1530c070-0163-4750-9dbd-a9bbb0e02dbd,Craft and Structure,Words in Context,H
be947479,4df2302b-b51f-452c-89ac-da7978924c29,Craft and Structure,Text Structure and Purpose,E
d5235d39,902d1814-a730-4637-b69f-7bb1b8b9f400,Craft and Structure,Words in Context,E
1fbf276a,a27aa59e-675f-4455-b846-dd16613ab152,Craft and Structure,Words in Context,M
1c6b1fa0,7c89e3ee-faaa-4316-9ca0-e0d2363b46c4,Craft and Structure,Text Structure and Purpose,E
f4166aae,6e37a2f1-4f0d-4d0f-ac83-abf1598b8a21,Craft and Structure,Words in Context,M
9b2fbb2e,73093381-38f2-46fd-9909-0a8c60323450,Craft and Structure,Words in Context,E
1782cdd7,30636fa0-19a8-4ebe-b3f6-dfefc2c67f6c,Craft and Structure,Text Structure and Purpose,E
d74788e1,1432b988-4f53-4926-a8ee-9523e1af1e79,Craft and Structure,Words in Context,E
6d44060a,c6fac08a-82e1-4c30-980e-a4ac745bd846,Craft and Structure,Text Structure and Purpose,M
590f0ad2,5ad6a8d1-72f4-46c4-a14a-7776f9c916f6,Craft and Structure,Text Structure and Purpose,M
19688783,6e88aa39-968c-4603-8ae8-3ec568e6fc0b,Craft and Structure,Text Structure and Purpose,M
1107e7dc,b4582e11-c0ed-4c17-a092-446a9806c811,Craft and Structure,Words in Context,M
d7dccee7,ad5acd03-7c25-483b-bad4-5d848fddf21d,Craft and Structure,Words in Context,M
d69bc408,2c3579f5-5a54-410e-8872-288a52fb95e3,Craft and Structure,Text Structure and Purpose,M
22105871,4c36e647-a8e3-4ed1-a813-04d6818058b1,Craft and Structure,Cross-Text Connections,E
a1d2c4d0,b7ccd3ab-1793-4b91-a1a3-9a33c8095745,Craft and Structure,Text Structure and Purpose,H
02e49a0c,7574368f-8d8b-4b9e-a7f9-24990a5a1e0d,Craft and Structure,Text Structure and Purpose,E
27d9bb69,948cb05c-3a22-4bd0-8f73-3b8087dae9b2,Craft and Structure,Cross-Text Connections,M
c885c38b,621c701a-7357-403e-812b-cafcc28f7c1f,Craft and Structure,Cross-Text Connections,H
de2c2f57,3e54bdde-9e2e-4bbe-a879-b08aa6838f8f,Craft and Structure,Cross-Text Connections,H
3f753a8e,24a7d56a-2465-41f9-a568-8027e878431d,Craft and Structure,Words in Context,H
53542eb5,16996808-9d20-4460-88c0-c738319a84a9,Craft and Structure,Words in Context,E
6c64a8f3,0d6410db-f8b9-48d2-8712-acc6993450ec,Craft and Structure,Words in Context,M
82b7c3b2,de5605c6-c05a-4384-b569-7efefdfccbd2,Craft and Structure,Words in Context,E
662892ad,1de2c5d1-3cf4-4e47-9172-c03d89d88880,Craft and Structure,Text Structure and Purpose,E
d563bf65,ae604376-db25-47d7-8ff4-925884ae819a,Craft and Structure,Text Structure and Purpose,E
159ef46d,ec193c57-b35f-4cba-9b08-05153be0e012,Craft and Structure,Cross-Text Connections,E
d7807ec8,ea9ee8af-fa30-4b37-9240-d7dc342b2d6f,Craft and Structure,Words in Context,H
e1e89221,df3063c9-79b5-4510-b41f-913071970103,Craft and Structure,Words in Context,E
b11bb2a3,07b3f7e5-e57c-4a76-be24-674638b5d65c,Craft and Structure,Words in Context,E
97360a00,123877dc-02fe-4b9c-8afa-a751cfa3b840,Craft and Structure,Text Structure and Purpose,M
9c35759f,258b2444-8a77-48d5-8e99-8e9789fe6ccd,Craft and Structure,Words in Context,M
dd19befa,654af45e-67f9-45d0-a343-f3784da126af,Craft and Structure,Words in Context,H
0afb2ac4,e2330828-1418-4ad0-8880-e2467492c024,Craft and Structure,Words in Context,E
6a1194e8,e350387d-e07d-4cbb-aff6-846184c9dc92,Craft and Structure,Words in Context,M
490b205f,68ddeb10-7cd9-487a-b801-947202714250,Craft and Structure,Words in Context,M
051d3065,3cd24546-49c6-488b-9d02-69dded3a7cd8,Craft and Structure,Words in Context,E
4fa7e50e,b5fa3821-faa3-4b0d-96c4-c13f51f9c305,Craft and Structure,Words in Context,H
aa7fc89b,44563440-0571-499d-ba56-db50174dd26b,Craft and Structure,Text Structure and Purpose,M
e23f50b9,0ffd78a5-aea9-40e8-902c-886005749819,Craft and Structure,Text Structure and Purpose,M
359b891c,ed64f415-992e-4d5f-b6d6-b247388e46db,Craft and Structure,Words in Context,E
aad56f2b,ffd55ab0-aa98-4695-aab9-4c91355810ed,Craft and Structure,Words in Context,E
48555763,605c9251-642f-473b-975a-7190e424e95a,Craft and Structure,Text Structure and Purpose,M
e7247766,b4984813-1926-4366-a1fa-e1c4685e6b4e,Craft and Structure,Text Structure and Purpose,M
ae2b3112,eb9937bf-5401-4ef3-8267-1717cca62488,Craft and Structure,Text Structure and Purpose,M
e7b709fc,c727f0fa-b90d-4d15-90d4-ed092f4a92a0,Craft and Structure,Words in Context,E
94eb800d,81858a15-8a22-46d2-a60d-5e7fffdeda11,Craft and Structure,Words in Context,M
dc0bca21,33281590-ff75-47d2-8820-e0840888f7c8,Craft and Structure,Words in Context,E
c218cd98,e19e6680-2fd3-48eb-8f9d-5928fc54106c,Craft and Structure,Words in Context,M
7b55e895,2085e5c2-ac9c-413c-aea2-aaa8e08135ac,Craft and Structure,Cross-Text Connections,E
8bc66f89,c9238037-8ea2-4d6f-a213-e5adf698a43d,Craft and Structure,Text Structure and Purpose,M
2c82068f,1dd08ff1-78f2-4c00-acbe-78c14edde937,Craft and Structure,Words in Context,E
b93428a6,1c75f82a-dbd7-4499-80a8-42da5e0d22a9,Craft and Structure,Words in Context,E
c106b9f7,3edde485-3d30-41b8-8af4-98ffa91a318a,Craft and Structure,Cross-Text Connections,E
7a0e31ea,25b63b9f-8c2b-42d4-aac0-ac81a6ad86e9,Craft and Structure,Text Structure and Purpose,M
cce2f8dc,d075bf64-fb65-48bb-be7d-9bb84629ef5e,Craft and Structure,Text Structure and Purpose,H
7b43c0cc,145d53b4-900a-482a-924e-63f882773a6e,Craft and Structure,Words in Context,M
6977d22b,68b05d6a-7ee1-4b36-962d-051b9396eb85,Craft and Structure,Cross-Text Connections,H
213248f7,adaad827-47ac-4562-bba0-852ef6d03236,Craft and Structure,Words in Context,E
6bc0ba75,c05cd444-d000-4a40-8bbc-7229da22f4f4,Craft and Structure,Text Structure and Purpose,H
b4d29611,317acb11-f400-4eba-8a07-a4f9f2389131,Craft and Structure,Text Structure and Purpose,M
d3104a68,507b9440-f15f-4cb8-968b-fb7b37fc0f74,Craft and Structure,Words in Context,M
f6352bd3,ebb77a60-e6b5-4ca3-87c8-43e60cef57ed,Craft and Structure,Text Structure and Purpose,M
5fa165f7,3eafd2cd-6318-41d8-90b3-f2a3b05f70a4,Craft and Structure,Words in Context,E
3e63fce0,df2f8a80-cb38-4733-85ce-1de0f98ed846,Craft and Structure,Text Structure and Purpose,M
d5600e74,7bc9be38-c0b9-4055-8eb5-e338130c51b9,Craft and Structure,Text Structure and Purpose,E
86fbc64d,e098d249-865d-469c-8898-ab81e43763f7,Craft and Structure,Words in Context,M
5444db38,faee6021-41fd-493b-ae3e-d83005275eb7,Craft and Structure,Words in Context,H
6017ae31,7649fd6d-86c7-4093-a334-634230e72c1d,Craft and Structure,Words in Context,H
571cf537,300a8942-08ba-43a1-958b-72b8bb8c0a4b,Craft and Structure,Words in Context,H
764331f8,9d1565a3-0eb4-4cce-b44b-80c836044876,Craft and Structure,Text Structure and Purpose,E
dba9eaf8,76babb0f-bee5-4ab9-8e63-133a4f711925,Craft and Structure,Words in Context,H
a756aa95,773e98b5-c08a-40e3-b4c1-5329396dc685,Craft and Structure,Words in Context,H
0ed8f24f,f118bde5-9bc4-487f-868c-d6d9f2e1af8e,Craft and Structure,Words in Context,H
8889d6e2,5ecdc97d-a402-4437-bc73-23cad8dc2c63,Craft and Structure,Cross-Text Connections,M
03eeecf3,5a42da90-a3d0-434f-a53f-0f77b8faa19e,Craft and Structure,Text Structure and Purpose,M
441e2b9e,38e385c3-7997-49a3-a7be-4b795810f519,Craft and Structure,Words in Context,E
88bb0f6f,e2d7ae77-37f4-4262-93cd-474e4f073caf,Craft and Structure,Cross-Text Connections,E
f878693b,9441e822-13d8-4de1-a977-1b0093c0a5eb,Craft and Structure,Cross-Text Connections,M
ad4f7362,27085b71-998b-4e51-87b3-f4d637dd246c,Craft and Structure,Text Structure and Purpose,H
35e21b06,afd5820f-5c20-4181-a439-a86c8a980a9c,Craft and Structure,Cross-Text Connections,H
9b01bcf4,b7a610b9-e72a-43ef-a2e5-5e1f3fb001e5,Craft and Structure,Text Structure and Purpose,H
f52cc78c,e7659f22-d958-498c-a061-23d58d11b7b3,Craft and Structure,Cross-Text Connections,M
8634bf4a,bcb08ce1-586e-410e-96cb-573c292e317a,Craft and Structure,Words in Context,M
b35e2fdc,ce55ecd0-6a7f-4cdc-901a-b03c4e6182fd,Craft and Structure,Words in Context,H
1090b367,086ba4d2-8f92-425d-ae4f-c95cecbd3a60,Craft and Structure,Text Structure and Purpose,M
40270820,d216099d-d5d3-4506-a9ac-2eeb13341864,Craft and Structure,Text Structure and Purpose,E
b507f90f,8957bc52-5dbe-4797-8706-718ddf96e23e,Craft and Structure,Words in Context,E
dcd9ad50,2e32460e-928a-4600-ba16-c68c23d2d0df,Craft and Structure,Text Structure and Purpose,M
5d48f889,87db806c-1c2d-4f5c-ae29-5a904de96673,Craft and Structure,Words in Context,E
d168e7c5,7c9c93b2-6c7d-487b-abaa-90280be77927,Craft and Structure,Text Structure and Purpose,M
e8fb0744,283479b2-e229-4d1d-b4f5-b22b6711cc09,Craft and Structure,Words in Context,H
c843d63c,85d23806-fd4e-4759-9e5e-193f65af44f8,Craft and Structure,Words in Context,M
2390e956,977ef86f-4402-4b16-9465-aecee8d7a18b,Craft and Structure,Words in Context,E
2b08f514,5f5a1b2c-faa5-422e-a8fa-1db3b693a78e,Expression of Ideas,Transitions,H
afec1a70,a2c6536c-3225-4118-a539-6618424ed9e7,Expression of Ideas,Rhetorical Synthesis,H
e0bd4f8a,96bc2934-6a07-464c-942c-88da8921cec0,Expression of Ideas,Transitions,E
660d50dc,6dbea806-7237-4202-a6ed-d4ab201a9cef,Expression of Ideas,Transitions,E
4d2736f0,bcd3e56f-c9a6-4627-a402-65710bf36530,Expression of Ideas,Transitions,H
d3b7d7a3,87812ea4-9d3b-4381-9f09-9e3b8c2ea327,Expression of Ideas,Transitions,H
39ccb463,2a121475-3531-4130-9a6f-9b4b2ac0cc54,Expression of Ideas,Rhetorical Synthesis,H
af76771f,eb57786b-d8b8-48f4-b1d2-591b1d3ffe6b,Expression of Ideas,Rhetorical Synthesis,E
064c8999,50489abb-3e1a-4a09-b2c3-a28606fec2ce,Expression of Ideas,Rhetorical Synthesis,E
b46e0c8a,82e1e63f-f666-42ba-8165-017edd1a30e4,Expression of Ideas,Rhetorical Synthesis,M
48d0bb34,d2215e4a-5d7e-4bd8-84b4-b4892566abd9,Expression of Ideas,Rhetorical Synthesis,M
aa7e10d0,e0d30af8-192d-4f30-8d38-065dbcc99630,Expression of Ideas,Rhetorical Synthesis,M
be44fea0,38da0806-db4c-4d38-a6fd-65fd8d2824fc,Expression of Ideas,Transitions,M
264e7415,a19a8875-4a2d-4d16-819a-1d18e3158ce8,Expression of Ideas,Rhetorical Synthesis,E
25a197dd,e7c3092b-c94a-436d-8625-3ff2e6acaba5,Expression of Ideas,Rhetorical Synthesis,E
e3edc138,c956956e-cfea-4723-b4c0-78b3b2301076,Expression of Ideas,Transitions,H
cf11282b,4d4c8dd9-5100-47fc-b73a-cd0e64a682fb,Expression of Ideas,Transitions,M
a40c7aa3,4338630c-fbdc-4eb4-becf-2800b705feb6,Expression of Ideas,Transitions,M
e3bbf2bf,feb2e7d3-521f-476d-97f0-b3f4e67ec2e6,Expression of Ideas,Rhetorical Synthesis,E
00221c00,2cd9a67d-0ad6-4d2d-bad0-19bde477a881,Expression of Ideas,Transitions,H
af89fa02,f80e6575-2260-46c2-8732-dbf41d55a025,Expression of Ideas,Transitions,M
4c43bf61,73bc7e8f-c451-4dc5-87bf-0d3615a8d4e7,Expression of Ideas,Rhetorical Synthesis,M
16631d34,66c2a748-013a-438c-a079-b62142b6633d,Expression of Ideas,Rhetorical Synthesis,H
d9dad012,a0d52b5d-8503-42b3-a30f-685beeea0d92,Expression of Ideas,Transitions,M
e2693197,ecd2318b-8cde-4df7-aedd-6cfb3adcb71a,Expression of Ideas,Rhetorical Synthesis,E
601b9d18,cc59c3a6-c63d-42cd-bc64-889005894301,Expression of Ideas,Transitions,M
60917233,c8726d4a-0baa-4c7c-a1b5-9351e4a4832d,Expression of Ideas,Transitions,M
1d79a59d,5f527608-5cc1-4525-bcc0-e04a71f57baf,Expression of Ideas,Rhetorical Synthesis,H
ec3d7605,4042856b-e301-43f6-8cb7-495dda0e51c4,Expression of Ideas,Transitions,M
54227b8e,f7d28ed2-d97b-4a68-b9f0-133d2e85d8f8,Expression of Ideas,Rhetorical Synthesis,E
a819d8b6,557b744d-7231-424e-af00-30e5d4008971,Expression of Ideas,Transitions,M
84e108cf,3b370a85-148d-45df-9982-78f63bc51a53,Expression of Ideas,Rhetorical Synthesis,M
42e6cc83,475f0dde-a4ec-4f91-b2b4-de36e7b1a6ca,Expression of Ideas,Transitions,H
326017ce,db7f27c9-80b1-4168-9dda-b415c1979457,Expression of Ideas,Transitions,M
c78620ba,19d4a5b2-8ace-4094-99d6-23e73b86e4d9,Expression of Ideas,Transitions,E
20733eac,4b78a030-0743-4f15-a598-429916cd6ecc,Expression of Ideas,Transitions,E
ca4ff52d,b9403057-54ab-4d5f-893d-98595e9d12e6,Expression of Ideas,Rhetorical Synthesis,E
7298633c,cc40f3a3-bd4f-4d88-bc2c-455e880ace70,Expression of Ideas,Rhetorical Synthesis,M
441f0505,e0ba20be-ade1-492d-8844-c299be07cc8d,Expression of Ideas,Rhetorical Synthesis,M
6c9df5d1,b8c0c1ce-add8-408a-9141-872682135f03,Expression of Ideas,Rhetorical Synthesis,H
e6b1e12c,02e8a6bd-5ee6-4963-a33f-b583deda3645,Expression of Ideas,Transitions,H
f07570bb,76757b39-2317-4b33-8831-07a58aa322fc,Expression of Ideas,Transitions,E
4b99b481,8167dacd-c02c-4102-911a-715929875ab3,Expression of Ideas,Rhetorical Synthesis,M
221ecf0f,63f8c428-d75b-4220-a71a-2a7998892f80,Expression of Ideas,Transitions,M
a4366255,3cdead08-369b-4e06-9b4a-c6cd52f44a89,Expression of Ideas,Rhetorical Synthesis,M
296801d2,46cc1e17-c0f3-42bf-93f2-84495322f76a,Expression of Ideas,Rhetorical Synthesis,E
92fe0ed7,89811cb9-4ffc-4f17-ae1e-6a4d768e9c0a,Expression of Ideas,Transitions,E
a965c6ed,dd3a2765-6d7e-4fe3-8c96-e7f4418482ad,Expression of Ideas,Transitions,H
97e2e364,44767664-ffb2-41bc-b684-ce10c1311923,Expression of Ideas,Transitions,M
7d5c32e6,8a56d1a4-d07b-451f-b4f9-1b644a8f0a5b,Expression of Ideas,Rhetorical Synthesis,H
01c8c433,e8ec1e19-db4a-4a21-9b50-cde422127a67,Expression of Ideas,Transitions,E
883493d5,e27fbdf6-d244-477f-91b5-804e24e6bf28,Expression of Ideas,Rhetorical Synthesis,M
b88dad9d,075003df-5e06-4b3f-88b4-1a859b06ea0d,Expression of Ideas,Transitions,M
b07a7634,006d3b30-cede-4889-82fd-dbf2335054f4,Expression of Ideas,Rhetorical Synthesis,H
db8fe023,5c009062-358e-46dd-9192-afa0812947b8,Expression of Ideas,Transitions,E
04ad68ca,c490a6f2-5032-4f04-a7d8-655c68bad279,Expression of Ideas,Transitions,E
fc2bcc79,20085733-830c-480a-8032-c336efd01462,Expression of Ideas,Transitions,E
f735493e,c6ba56a9-8d3b-489d-b21a-df9f68e41920,Expression of Ideas,Transitions,E
57bcd0d6,db0c09d4-1861-4717-ab9d-e1839b45041b,Expression of Ideas,Transitions,E
11df9b99,b65ede14-ac4e-4dd8-8b53-58d5ed2a89e7,Expression of Ideas,Transitions,M
3fa48bf3,69bb5669-cf08-40db-a385-8a5074a1920c,Expression of Ideas,Rhetorical Synthesis,H
2bf05ae9,e5f3aa2b-0b6a-4620-8f53-9833c209cfc8,Expression of Ideas,Rhetorical Synthesis,M
335bbe3e,7f3e3df2-29e5-4d5b-8f57-55a29038ced2,Expression of Ideas,Transitions,M
827afb27,022a092a-5b1f-44de-a3fd-af3b8f11340b,Expression of Ideas,Transitions,E
e876e395,bbc4e5f1-ff38-4b85-a2b3-9bae4f358a79,Expression of Ideas,Rhetorical Synthesis,M
8fe4f4ab,ab40fd7d-4d0a-4e63-a40b-8530b5444a6a,Expression of Ideas,Rhetorical Synthesis,H
bb275f0d,ac00b01b-d2bb-46df-8b1e-5454ee83e79a,Expression of Ideas,Rhetorical Synthesis,M
30438650,659659ad-43c6-4be1-9e53-5f5814d3c4e9,Expression of Ideas,Transitions,M
a773f069,c4246267-7754-4e8d-aff4-b2cb9a88db5f,Expression of Ideas,Transitions,E
6249b173,79bc06dd-c018-47ad-b4a1-8672599b0cdf,Expression of Ideas,Rhetorical Synthesis,M
1b219d14,f6891dfb-dd59-4b44-90e4-b75a1765bdf4,Expression of Ideas,Transitions,E
a3204ab0,8be51932-52d5-439e-989c-054212dee742,Expression of Ideas,Rhetorical Synthesis,E
6a5939c2,d72a5a0b-bdd4-477d-a9f4-008853b581b1,Expression of Ideas,Transitions,E
3b02e88a,459668c5-8725-4aa8-8529-d73621d54e4c,Expression of Ideas,Rhetorical Synthesis,H
fd24f48f,97d2384c-d243-41cf-b968-fe81df7675a7,Expression of Ideas,Transitions,M
bc930940,ec62edc1-d6f2-4d3b-8de3-645b2da14e65,Expression of Ideas,Rhetorical Synthesis,E
c6645cab,482139d3-cce1-49f7-b2a8-5cf84ccb6a29,Expression of Ideas,Rhetorical Synthesis,E
1a8126aa,643d6efb-497b-497b-a36c-4c6d2b2baa05,Expression of Ideas,Transitions,M
63a4fa29,f068fffb-1cc7-440d-abce-4ab05d1fcf20,Expression of Ideas,Rhetorical Synthesis,M
42301836,f0168aca-49ba-46ea-984f-c7b7cff2bd53,Expression of Ideas,Transitions,M
0d3ebdce,673e6351-f5cc-489a-9b61-548486364ffa,Expression of Ideas,Transitions,E
00460c13,eea1eb09-69b1-4abc-888a-3de34517beff,Expression of Ideas,Rhetorical Synthesis,E
dd11e5ab,bdfb2b51-a55e-4114-a6fe-e6b6206c8b3c,Expression of Ideas,Rhetorical Synthesis,M
8112b7e3,9467e8c0-5715-4578-949a-d66ad4e1aa78,Expression of Ideas,Transitions,H
964c6055,abe6747a-221f-4f61-bcd7-d10dd928c01b,Expression of Ideas,Rhetorical Synthesis,H
74149724,e532b84b-ee31-43c3-88ad-148eedbd1abe,Expression of Ideas,Rhetorical Synthesis,M
080a7b51,8115a153-89bc-4bb9-93c8-b68bd4d76f43,Expression of Ideas,Transitions,M
25361ec6,277fb947-e7d2-4316-bcef-a79554eb9a08,Expression of Ideas,Transitions,M
7ce14583,07f9c472-31de-4d81-91c5-b0e774ff7102,Expression of Ideas,Transitions,H
3fd0ab63,c230d1ab-a96e-40cb-9ea1-c96e562a19d9,Expression of Ideas,Transitions,M
f1d8550e,e934e3ce-75e8-4e0c-b825-5e84358e4638,Expression of Ideas,Rhetorical Synthesis,M
ff8d2125,31f36559-8bb0-4c98-b21a-c714433d07f2,Expression of Ideas,Rhetorical Synthesis,M
5a2a4b36,4ec44add-b3c3-4555-88cd-83490e01096e,Expression of Ideas,Rhetorical Synthesis,E
8b2636ee,382bc7c4-7c28-4110-a7d8-d4efed037dad,Expression of Ideas,Rhetorical Synthesis,E
47547d07,646459cd-e5c2-497c-a3f1-a2dd38fd1867,Expression of Ideas,Transitions,E
79c6a01e,2a3f9924-5a73-48b0-b6b8-de51ecdaa9f5,Expression of Ideas,Rhetorical Synthesis,E
23da9791,e2a04a2f-1b77-450f-8d40-6adb9294ce88,Expression of Ideas,Rhetorical Synthesis,M
878f835a,07538f6f-969e-4a62-98cb-db4cf3b65b2e,Expression of Ideas,Rhetorical Synthesis,E
8e9677e6,63081b48-0053-4166-9736-642c83892256,Expression of Ideas,Transitions,H
31ac4d2c,e2f7c1f1-940b-4949-92d5-fb17fa14b93a,Expression of Ideas,Rhetorical Synthesis,M
8432a140,dc8038cf-bd93-438e-9b0d-d0539c79e24d,Expression of Ideas,Rhetorical Synthesis,M
4b7a84b0,58f0d5dd-524c-4f61-aa40-f10f19bbc0c2,Expression of Ideas,Transitions,H
f5959727,950fb78f-3d1d-481f-8939-613de6443c4c,Expression of Ideas,Transitions,H
6e0c60da,54d57f5e-7d9a-4185-9a93-a5c476e4564a,Expression of Ideas,Transitions,H
94f48106,2ecd65e4-e5b9-4b95-a7c9-7f1f5031ccf3,Expression of Ideas,Rhetorical Synthesis,M
146233fc,bbe9b69c-8e7c-479f-b587-c98e3d5291d6,Expression of Ideas,Rhetorical Synthesis,M
7f20374f,6fedc856-4ddb-4175-97ec-9582fbf3e4e2,Expression of Ideas,Transitions,E
64e88c58,ca621cb1-642b-480b-b511-a086f4c7f525,Expression of Ideas,Rhetorical Synthesis,H
2c61e0b9,91d983a0-c121-4eb2-a3cf-ee53649fe5aa,Expression of Ideas,Rhetorical Synthesis,H
a1955620,6e5f7212-59e5-4e7d-ac52-76fabf8563bf,Expression of Ideas,Rhetorical Synthesis,M
14037904,de2230bc-eaa2-456f-89fd-f7fa5b5e0a65,Expression of Ideas,Rhetorical Synthesis,M
9d4f331c,33820d28-1cc6-4c43-8e4f-7fc2bc817315,Expression of Ideas,Transitions,E
29ae4d48,5ed926eb-3044-40cb-8edd-c39c901a8b19,Expression of Ideas,Transitions,M
9dc4e640,76e2e40a-bfbf-49b0-8edb-a22d307c58c2,Expression of Ideas,Transitions,H
113f16da,037f245a-6646-44a6-8158-7ee6c14c8f36,Expression of Ideas,Rhetorical Synthesis,M
6081831f,95c4ec98-4d3b-4f64-89bd-c7458d4215e4,Expression of Ideas,Transitions,E
0c0d50e1,2b9871d2-6c37-4b70-90c2-29d9b79984ab,Expression of Ideas,Transitions,M
f5149550,544458e0-8ddf-44f9-afc2-94b9af641d31,Expression of Ideas,Transitions,H
d436a2b2,4c2dd37c-9e2d-4679-8905-90514624a673,Expression of Ideas,Rhetorical Synthesis,E
20e4ff59,6af3a60c-c170-491d-be9d-115216ff8068,Expression of Ideas,Transitions,E
129089b5,eb908c22-f0e5-4e8e-a74a-9e02f9aaf2e1,Expression of Ideas,Transitions,M
f4b63a04,ba326bd3-4344-46af-9257-c70f53076429,Expression of Ideas,Rhetorical Synthesis,E
af88c47a,48c6e022-9241-4853-b508-7857271ddca7,Expression of Ideas,Rhetorical Synthesis,H
d6dec50e,9ea90b3d-ac35-409c-a561-ecb68172fc2b,Expression of Ideas,Rhetorical Synthesis,M
94cb8720,d3231009-cffa-4032-99f1-3ae0a8c3c952,Expression of Ideas,Rhetorical Synthesis,M
ddb77846,61e4987d-fb06-4147-acf3-d01a7f3b36f2,Expression of Ideas,Transitions,M
a266d876,4ed2b7c1-cbad-481a-9974-80cdb6245839,Expression of Ideas,Transitions,H
9551ef8b,c93c8f6e-0b3e-4c5a-b751-a2d724dec205,Expression of Ideas,Rhetorical Synthesis,H
9fe7315b,d855d8ce-4083-44c4-b28d-ed0e0aaa7543,Expression of Ideas,Transitions,E
fc5e83cc,a21525d8-a5d1-4365-9eec-f6739e2dc257,Expression of Ideas,Transitions,E
911c7a87,f57f6c2a-a76e-40ae-8c7c-ae65f8ba8b81,Expression of Ideas,Transitions,E
9502ec65,95351918-250d-4833-a66c-453eebf233c6,Expression of Ideas,Transitions,H
6de02dfa,e49c3a3d-316e-4d89-a024-eb5e003eb43b,Expression of Ideas,Rhetorical Synthesis,M
c92ea686,b81c4ba9-46e3-4f71-bffa-f67533f258d1,Expression of Ideas,Rhetorical Synthesis,M
2df7b582,7bd46d33-dddf-4a50-a090-87e6e1f750ab,Expression of Ideas,Transitions,H
f8c4591b,4be7caa8-e069-4346-af6c-a5ba998eeef5,Expression of Ideas,Transitions,M
42870a4e,f3b8d7b1-cf14-41bd-a7c7-78aa3b590506,Expression of Ideas,Transitions,E
49ecf985,cda0efee-82ff-4a4b-9bf9-5497adb01999,Expression of Ideas,Transitions,E
1bb4aec8,ae189755-0e72-4eb9-b900-b75332cdca37,Expression of Ideas,Rhetorical Synthesis,M
c7e85c0a,04d33a0a-3907-4405-a6c8-c40b2fa56fcb,Expression of Ideas,Transitions,E
85c0c0f0,e939fb1f-d91a-4052-8f19-299e0acaa1b9,Expression of Ideas,Rhetorical Synthesis,M
1792fa73,26395958-deab-4ad0-bd1c-e96ac82d8ebc,Expression of Ideas,Rhetorical Synthesis,E
f33f0892,733266a8-a471-4787-a677-3e08b58e96c3,Expression of Ideas,Transitions,E
7d56630a,d9ad8fc2-d0e5-4aba-8321-ffaa68ab45d4,Expression of Ideas,Transitions,E
58281fc4,7a0e073a-88e5-400e-9036-41e35d7aef5b,Expression of Ideas,Rhetorical Synthesis,M
a6155e60,527a6e1b-a044-4d40-9daf-7f1502b3cb97,Expression of Ideas,Transitions,E
17ec916d,67fd9114-ebd9-44c4-9e4b-c1476f3ac68a,Expression of Ideas,Rhetorical Synthesis,M
459df2ba,9ed92caf-8ee3-4252-b86b-47b5bce47519,Expression of Ideas,Rhetorical Synthesis,H
d8aa8ba2,bdd1b170-ff13-4936-a7ea-0f1ff0845133,Expression of Ideas,Rhetorical Synthesis,M
24014c3f,16d68a8e-72f4-4437-896b-53aed15d3c95,Expression of Ideas,Rhetorical Synthesis,M
3067723b,b93814bc-b492-4f7a-8521-3d18602dbe18,Expression of Ideas,Rhetorical Synthesis,E
07456405,38a5c95b-f2c6-4f5c-95c4-9054cd57ded1,Expression of Ideas,Rhetorical Synthesis,H
e2d97f10,6f77f810-8fba-4625-b6e7-411afe24b747,Expression of Ideas,Rhetorical Synthesis,M
e1b00a70,488f2a13-c361-4378-acf9-b34bbb6267c4,Expression of Ideas,Transitions,M
bce57278,c6f5eb0a-6a1b-46ad-9236-c2c96c824762,Expression of Ideas,Rhetorical Synthesis,M
2b89bfe5,f16cc16a-a228-411c-b25e-e1d4a04e2cdb,Expression of Ideas,Rhetorical Synthesis,M
7572131d,96de8f48-7567-43ab-8222-fa99e94d2ed8,Expression of Ideas,Rhetorical Synthesis,M
74028acf,dfe91e9e-0f76-4130-80c1-8a8a439b700d,Expression of Ideas,Transitions,M
54c1b2dd,6af26e26-7460-40fe-8610-a136bf84e933,Expression of Ideas,Rhetorical Synthesis,M
5fa51c86,f0ebdaaf-0942-435d-9436-45fbbbf064ee,Expression of Ideas,Rhetorical Synthesis,H
4e063114,5e176e34-def8-4aa6-8131-aac48549edf8,Expression of Ideas,Rhetorical Synthesis,E
08be6347,ddfecfc5-e51c-4f19-b214-6395fa4bc1e7,Expression of Ideas,Transitions,M
5d3177aa,c8d42223-bd50-4837-a884-755ec29e7a39,Expression of Ideas,Rhetorical Synthesis,M
7c9d0e38,1ee0a4e4-27c2-4283-a0b1-5a9a1d15096b,Expression of Ideas,Rhetorical Synthesis,M
ff3865b3,75e7d111-ced9-4da0-9be1-0c9cd8da1f3b,Expression of Ideas,Rhetorical Synthesis,E
35507eba,84d99c7c-2ee6-4b7d-b5e5-8819efadbec0,Expression of Ideas,Rhetorical Synthesis,M
3a715eca,23e256e6-fc68-4151-865c-6bee9f3922b5,Expression of Ideas,Transitions,H
f1631638,34eafb3e-bcab-4b7b-b488-987611a37efb,Expression of Ideas,Rhetorical Synthesis,M
d10e46a2,e8fb16ed-2885-4d57-a2c3-b457ffb72355,Expression of Ideas,Transitions,E
fdd9a360,e1a88e15-d0ab-4fb0-8ed9-5e5f24396021,Expression of Ideas,Rhetorical Synthesis,H
1b94a80a,47d66dea-12b0-4883-98b7-24518c0f4229,Expression of Ideas,Rhetorical Synthesis,M
88308a39,5d8bd209-24bb-401d-89ce-1316ae245b5d,Expression of Ideas,Rhetorical Synthesis,M
a0da8114,1ee45bc4-2b6f-486e-aef5-02fd321f778a,Expression of Ideas,Rhetorical Synthesis,M
0fab0c90,d245bdf2-d209-40aa-a94a-fd9d8eac1fd6,Expression of Ideas,Rhetorical Synthesis,H
00e0170f,4a0e7481-a0e1-4b5c-9fde-d9ecfa15f63f,Expression of Ideas,Transitions,H
56cad44a,e29c0a06-1d44-4568-9459-7f708ecebbca,Expression of Ideas,Rhetorical Synthesis,M
c071eca2,74f4478d-92d2-4a5a-a41b-76bbd45f8a42,Expression of Ideas,Transitions,H
a7a944ed,7c141757-c5fa-480a-8a3c-87b8746c8d3b,Expression of Ideas,Transitions,H
feb1e6da,c8957ff2-9674-47a3-a4d1-718331694c42,Expression of Ideas,Transitions,M
d2b52c50,4b7d0253-1216-4e18-92df-dc50b1c6d4c6,Expression of Ideas,Rhetorical Synthesis,E
176edca6,330ea545-cb02-4e1a-a12b-6bb6afc1c7fe,Expression of Ideas,Transitions,H
10cd0327,dc77d8af-b008-45d8-9aca-c7b953781539,Expression of Ideas,Rhetorical Synthesis,H
4105f5ac,293b55b8-49d6-42e6-b03d-5f4ecc052dc3,Expression of Ideas,Transitions,M
388b45aa,c8cd8993-74e1-4208-a541-f35ff4dbfeda,Expression of Ideas,Transitions,M
4b376902,cc20c403-bd6f-4a4e-8475-59c84ebaceb8,Expression of Ideas,Rhetorical Synthesis,E
dede8260,4404a2b9-0e73-42a1-9d83-4f0019e197aa,Expression of Ideas,Rhetorical Synthesis,M
81315093,5da5eb80-95a2-420c-a315-decc614a7775,Expression of Ideas,Rhetorical Synthesis,M
1773fa73,6b2053d2-4dcb-49c5-a3a1-70df096d9d56,Expression of Ideas,Rhetorical Synthesis,H
6b5bc97d,26c336bf-d732-4c21-a3f8-2979fdaf1d34,Expression of Ideas,Rhetorical Synthesis,E
5b8b69a2,b587af2d-a137-4b31-a984-05d6e631b3ed,Expression of Ideas,Rhetorical Synthesis,H
37ec26e7,4c24e768-d3fc-4bd8-ba35-08de02d100b8,Expression of Ideas,Transitions,E
49fe306b,dff9514d-6b0c-4b46-b344-9473f9e8f23d,Expression of Ideas,Rhetorical Synthesis,M
b5cd28a7,109b9f2a-fd55-4d02-993a-4858b324cfa4,Expression of Ideas,Rhetorical Synthesis,E
290a5d77,ccc1496e-1b9b-4ef5-838f-fc626d8a2653,Expression of Ideas,Transitions,E
5888712f,5c0a4203-7ee6-4653-abae-ec4b9fca2b90,Expression of Ideas,Rhetorical Synthesis,M
0acc26b2,55b902e4-fa91-44f6-8109-7dc4272cd236,Expression of Ideas,Rhetorical Synthesis,H
1c6e1d55,161725f0-8529-45c1-bf18-5df4d261b7b5,Expression of Ideas,Transitions,H
8622320e,55990205-1650-49d6-925b-5ca9a3c1a14b,Expression of Ideas,Transitions,M
9336f63b,e4051f7d-72b1-4839-919f-d942b9f73ba4,Expression of Ideas,Rhetorical Synthesis,H
9922b364,37bee52c-3d2d-4773-bc56-009278a1efa6,Expression of Ideas,Rhetorical Synthesis,E
04397a63,b0070e01-03e6-4c54-846c-6a22403d3c3b,Expression of Ideas,Rhetorical Synthesis,M
de01ccef,7ba8f9bf-566c-4c93-88c3-ef072c125b0c,Expression of Ideas,Rhetorical Synthesis,H
164a32e7,387d0434-4979-45b3-bb93-5ca85b2968cd,Expression of Ideas,Rhetorical Synthesis,M
0d088ae0,02f24d0d-074b-4881-9e60-75dd4957af39,Expression of Ideas,Transitions,M
fbffb352,977bf489-037c-4bce-bcb0-1dc735c870e4,Expression of Ideas,Rhetorical Synthesis,E
249508d9,442ba363-c324-4677-a1b4-a634b4191a8d,Expression of Ideas,Transitions,M
cfade68d,3b0557c9-cb2e-4757-ac8b-73a2f43694cb,Expression of Ideas,Rhetorical Synthesis,H
d3725911,556b6a32-dc40-4eec-96c0-5389bcae5626,Expression of Ideas,Transitions,E
9f1a0d91,2c4d4984-16b3-4f55-ae49-6d5fa79b99cf,Expression of Ideas,Transitions,H
a2bff07e,fa45fdd1-8a89-477b-be0c-783d930d6e6b,Expression of Ideas,Transitions,H
804928b6,db2683eb-5c06-4ebc-bb3d-dba38ed428f5,Expression of Ideas,Rhetorical Synthesis,M
3c925481,6145c3c8-0703-402a-82a4-b54f1769dd3c,Expression of Ideas,Rhetorical Synthesis,M
17e49403,062b539c-799e-4ad4-921c-a3be44fcf2e8,Expression of Ideas,Transitions,M
25755def,49237e71-5dc2-4099-b224-9250cc0fa6c8,Expression of Ideas,Rhetorical Synthesis,M
5222ffab,d01857e1-22bc-493b-b6d0-dd1a3127bdaf,Expression of Ideas,Rhetorical Synthesis,H
4223d4a6,1fe4b8f4-dd17-42ca-a9b2-4a0c6d8c7e1e,Expression of Ideas,Rhetorical Synthesis,M
7aac173e,291beae6-e79e-4376-80a4-d55d21f16b6a,Expression of Ideas,Rhetorical Synthesis,M
72ae9bca,fc10c5d1-890e-4de3-b3ca-9260ae5befb3,Expression of Ideas,Rhetorical Synthesis,M
edf30612,a06f47da-7544-430d-9c92-a51c690bef56,Expression of Ideas,Transitions,H
974b5a8c,c8593e14-0f20-473c-803a-5ea66e1777a3,Expression of Ideas,Transitions,H
3dcc7140,737599e7-dea7-4978-87c8-0ddf52eecc44,Expression of Ideas,Rhetorical Synthesis,H
b7571c0a,b0cd1d34-da58-4d8c-aca5-e234f05ac2f2,Expression of Ideas,Transitions,E
1e31470f,df76975a-66c8-4cfc-b5fe-e06b2abc542c,Expression of Ideas,Transitions,H
1ccfcea4,6877e1d2-be1b-473d-9b82-100b215d1ddd,Expression of Ideas,Transitions,E
45eaf7fb,49d2ee0d-e9e6-4f09-8a43-65700c0eda3f,Expression of Ideas,Rhetorical Synthesis,M
d54e16ee,effb864f-3000-48f7-9ccc-b05ed09a2529,Expression of Ideas,Transitions,M
a1ca7ec4,b7e7eb1d-dcce-4ecd-9297-2114edf6be7d,Expression of Ideas,Rhetorical Synthesis,M
47e238be,a2f6277c-a89c-4a0f-b14a-5e4ddc3e2148,Expression of Ideas,Transitions,H
b98b8f64,b86b2793-d441-430f-a014-82f5bc9ba60b,Expression of Ideas,Rhetorical Synthesis,M
072666a3,52042590-ec3e-4ea6-b3a3-db7869ee35b7,Expression of Ideas,Transitions,E
4c26f18a,28e393fa-f979-424b-b2f8-60c09c158037,Expression of Ideas,Rhetorical Synthesis,M
a064955f,71f2c191-fd2c-4b76-ac17-97ec944fd8c4,Expression of Ideas,Transitions,E
d7c5388f,da67f89e-3c3e-4f3a-b7d2-21819515497c,Expression of Ideas,Rhetorical Synthesis,M
dd087f31,87521ec5-ad3e-4d1c-9e34-101e74b235b9,Expression of Ideas,Transitions,E
6d883838,8df570ab-4f44-46bf-b090-224ff81fa286,Expression of Ideas,Transitions,M
e965fd73,cab41b8d-25e3-4e64-b68e-a32e802e8376,Expression of Ideas,Transitions,E
5c58cec0,02e0c152-44d7-473c-801f-33c3b32c565c,Expression of Ideas,Transitions,E
0778b4ac,ff074c68-b388-4944-8a33-454dc0e67ca6,Expression of Ideas,Rhetorical Synthesis,M
622a351d,57bc16b7-b31e-43cd-9f03-a9aea8afed33,Expression of Ideas,Rhetorical Synthesis,H
efa2be4f,8e115ea7-bbb9-40f5-b9fe-5a8745b61654,Expression of Ideas,Rhetorical Synthesis,M
5645f119,d49db9eb-fd01-4f5e-8520-79aad46ad0c7,Expression of Ideas,Rhetorical Synthesis,H
0c13dea9,c8769440-175a-40e7-ba1d-ee7dc59b7872,Expression of Ideas,Transitions,M
4fde4454,f52f87d7-f595-4af1-a549-5988359a6a38,Expression of Ideas,Transitions,M
1872cd6d,5c88c6f7-538c-495b-b746-e9ba2be11495,Expression of Ideas,Transitions,H
34e1124f,65ead50b-41d4-4ae3-b8d9-a0e3cbd6111c,Expression of Ideas,Rhetorical Synthesis,M
7fd39a42,984f9ccb-46a2-4144-8163-ee2eb1dbe818,Expression of Ideas,Rhetorical Synthesis,M
96a86bce,84f5f227-03be-40cf-addc-599ce1a63da9,Expression of Ideas,Rhetorical Synthesis,H
db3ad406,3be7c190-7615-4bc8-b801-6780fee56ba0,Expression of Ideas,Rhetorical Synthesis,H
0fd4df40,149f980e-e490-45de-816b-5d998b8dcad0,Expression of Ideas,Transitions,E
973632d2,5cc70221-e8d0-4917-95ba-4d9ec35d842b,Expression of Ideas,Rhetorical Synthesis,H
e268c452,97d4e00a-62bc-4d6e-9499-dbdbd7288683,Expression of Ideas,Transitions,E
f114cbf0,42c9687e-7cf5-4c09-8d7b-488a5a1e1fe1,Expression of Ideas,Transitions,M
b7c404d1,5092086e-9e04-41e3-be32-ea196b3e50e7,Expression of Ideas,Transitions,M
d9d314d9,d6d5fa78-74b9-4d37-a15f-af9162d592aa,Expression of Ideas,Rhetorical Synthesis,M
ad729337,395ba0d7-8eca-4940-b2a1-bb99f39b6343,Expression of Ideas,Transitions,H
5e93039f,0d3516d6-3000-4f47-a632-b90fa2068df3,Expression of Ideas,Transitions,M
0f9ed134,f55fa46e-58cd-4be5-b3be-09243e83a490,Expression of Ideas,Transitions,M
9e3a215b,de611823-9021-492c-83a0-18ecca3bd27c,Expression of Ideas,Transitions,M
ce282575,aa3dfb75-0ee8-4337-83bc-1c75b6940fd6,Expression of Ideas,Rhetorical Synthesis,M
0ee64efc,ddfc47df-caff-477e-8e1f-b8f7acdcc509,Expression of Ideas,Transitions,E
b8eec031,53e572cc-c894-48ae-af49-0a8c3262b1a6,Expression of Ideas,Transitions,M
56336696,1af2e817-7908-41f5-bed6-74c57cdac15d,Expression of Ideas,Transitions,E
273c2f12,93751b2c-f263-4e49-91bb-3afc830dc6fd,Expression of Ideas,Transitions,M
e98b1690,122def51-3b7a-48b3-80ed-7c47c5fd5ec5,Expression of Ideas,Rhetorical Synthesis,H
9e34720b,7ccaeef4-72d5-471c-854d-43f9b63de96b,Expression of Ideas,Transitions,M
6036ad0e,2c43b532-5d8b-4df1-9313-337c17276300,Expression of Ideas,Transitions,E
63c73b50,45aaead0-9d12-46cb-bfc0-daf21dbeaeb5,Expression of Ideas,Transitions,E
3831f2d7,e01ca56c-1c25-4e49-934b-d6d844fdf17b,Expression of Ideas,Transitions,E
c4f7f726,853cecf5-60d9-4e4f-b550-7a361e2427e8,Expression of Ideas,Transitions,E
1469d23a,97dd449e-ce8b-4a14-8699-2fe5bb0768fe,Expression of Ideas,Rhetorical Synthesis,M
2b5e0731,b0615a31-d511-4df2-9114-0d060c03de94,Expression of Ideas,Transitions,E
3ea7372e,ce15dc57-2b8e-4b3c-b7b4-11d18f0ae2e0,Expression of Ideas,Rhetorical Synthesis,M
1c36e3e1,7ca2fa08-43b7-4451-b3f9-aeb60eaa0d2d,Expression of Ideas,Transitions,E
0839a4b9,0bb1ffab-6a9a-4161-9e7c-65334c8df9ba,Expression of Ideas,Transitions,M
ab1f424a,138f38d9-26dd-40bc-b574-aea013f78b27,Expression of Ideas,Transitions,M
54f29331,72987eb3-56d3-46d4-a4f3-2e43b7affd79,Expression of Ideas,Rhetorical Synthesis,E
28a46cb0,805f17cc-a0bf-4a25-b5f0-4d37189716f2,Expression of Ideas,Rhetorical Synthesis,M
259d16ac,b7fbabac-300e-4bf8-84bc-4e099b7b1f09,Expression of Ideas,Rhetorical Synthesis,M
f2f6009b,e9f6a4dd-516c-4460-a847-a065224c7b93,Expression of Ideas,Rhetorical Synthesis,M
8d1ddd1b,bc609dfd-b00c-4820-b30b-0bb483974080,Expression of Ideas,Rhetorical Synthesis,H
ff1a2e5e,2ff3132b-4962-463f-892c-bc76a6db68bf,Expression of Ideas,Transitions,E
b5972710,894dc07c-a264-42f2-a4c5-ee2c52f02f11,Expression of Ideas,Transitions,E
82ec9628,285e3025-d702-4d3b-a5f7-d9162ecdc5f7,Expression of Ideas,Transitions,M
7c3f0145,adae1e30-0161-4e31-b988-b0581ead48a4,Expression of Ideas,Transitions,M
ba263620,e7bfc1b3-da00-4de5-801a-ff2b68ea897f,Expression of Ideas,Rhetorical Synthesis,E
4f2710ab,e1d2bcfb-c4a8-43ee-aa27-c33539f9bc29,Expression of Ideas,Transitions,E
480ade7e,9e08e07b-a735-4642-a734-819ff9d186dc,Expression of Ideas,Transitions,H
34a5ba1c,313e715b-9a8c-4ef8-a32e-fe47bb7d02d3,Expression of Ideas,Transitions,E
b44141cf,e82e8e87-07e4-4651-aa1e-23f2fa389d6e,Expression of Ideas,Rhetorical Synthesis,H
c34d6bff,895349d7-a567-400f-9de6-a4f1de149e22,Expression of Ideas,Rhetorical Synthesis,H
ac8eb085,a37696c4-df78-438e-992f-3921c00cc0ec,Expression of Ideas,Transitions,E
37957752,6ac65687-dbeb-45fe-9260-d7cbe31177e1,Expression of Ideas,Transitions,E
2b5f4bdc,5747e563-791b-4613-91ea-2212b380a4b6,Expression of Ideas,Transitions,M
90117366,7cb902b9-8d7e-4cdb-b081-96c1113c4978,Expression of Ideas,Transitions,E
a204d618,cb8c5ab8-a024-4c2e-beb0-944a45d428c3,Expression of Ideas,Transitions,E
ed80971c,295d509c-ccd0-4431-a2f8-9a68b59825c6,Expression of Ideas,Rhetorical Synthesis,M
114bbce6,6368be96-9720-4d31-8ba0-50e38b991f78,Expression of Ideas,Rhetorical Synthesis,M
b6ebadf6,56f57e4d-f877-4137-a307-e5b681487dd3,Expression of Ideas,Transitions,E
13f36b03,d97a955a-4eec-46ae-8d6f-3b584b6056d1,Expression of Ideas,Rhetorical Synthesis,E
ec03f090,7dca01cd-5a38-4868-b396-5f2e3975d2e7,Expression of Ideas,Rhetorical Synthesis,H
52b31d7b,6cd41d96-3454-462f-8b1b-c2293ecdbde2,Expression of Ideas,Transitions,M
a86c0b1b,b89a8975-4a42-461e-99fd-0fd1b7a2ad8d,Expression of Ideas,Rhetorical Synthesis,M
eaded344,182112b4-ebcd-4ac5-ab27-9cec07d22c6a,Expression of Ideas,Rhetorical Synthesis,E
e2eb70b9,fc018601-4465-4f04-82ee-06f6db2cf75b,Expression of Ideas,Rhetorical Synthesis,M
c40a1964,020f2cdc-bab1-476b-849b-762e11ace6c1,Expression of Ideas,Rhetorical Synthesis,H
86b78078,77881421-3e40-4139-8342-2d1cb10f3af0,Expression of Ideas,Rhetorical Synthesis,M
4f9ee1dc,dd077789-490c-46b7-ac40-dbb44cb74dc8,Expression of Ideas,Rhetorical Synthesis,M
1996c104,29bc77ca-7030-419b-953a-56db063b4d1e,Expression of Ideas,Transitions,E
bfb4e85e,808dc1ee-2be6-4bb1-b3c9-42b468c3ecf2,Expression of Ideas,Transitions,E
f5a00eff,3cb17aea-6417-4349-92c8-01f629ddd643,Expression of Ideas,Transitions,H
2bda9edb,75904fc7-284b-4151-b762-3d901c50d7f8,Expression of Ideas,Transitions,E
332e75bf,653bea66-a999-4d76-aa42-cf889190148d,Expression of Ideas,Transitions,H
bb43fc3c,4df3e839-dce7-4e36-a223-bdb49e614702,Expression of Ideas,Rhetorical Synthesis,M
2c7dced2,3f43e761-1851-44dc-8616-1d1e3fb25a96,Expression of Ideas,Rhetorical Synthesis,M
b0620764,f44c0976-8eea-4f60-9365-e7684274c4d9,Expression of Ideas,Rhetorical Synthesis,H
e3484c07,5a0e2241-ed38-4728-b7c3-3ed01e67e6cb,Expression of Ideas,Rhetorical Synthesis,E
fc95a352,f830b98a-f26c-4665-9abb-e89265908b38,Expression of Ideas,Transitions,H
e887dab1,1e891785-8515-4d26-8f9c-4e2497efedcb,Expression of Ideas,Rhetorical Synthesis,E
5a5e22b5,854942d7-6f19-4ae6-a164-07d2094724e9,Expression of Ideas,Rhetorical Synthesis,M
bc56170b,1659cb41-9b8d-42c6-83cb-67b755124e92,Expression of Ideas,Rhetorical Synthesis,M
d7f31e68,b55400a0-38cf-4584-94ad-7d3b5cf2d570,Expression of Ideas,Rhetorical Synthesis,E
6351062d,b14bc05c-86a9-4ef5-8226-2f0af8ff86e9,Expression of Ideas,Rhetorical Synthesis,M
5bb7dc03,d9b9f8f7-2ffc-420c-ad0e-b9bdbdc06d1a,Expression of Ideas,Rhetorical Synthesis,M
e6b57c9b,5a4e75f4-a147-4de8-a439-6025b2d19bb0,Expression of Ideas,Rhetorical Synthesis,M
9e2d4ef7,de631353-acac-472f-bc92-402aa2fb57b9,Expression of Ideas,Rhetorical Synthesis,M
42d92dea,b8087e41-58a8-47b7-8929-ef5d9f082f0d,Expression of Ideas,Transitions,E
87d8a2ff,f93a02d8-826b-49c5-aed8-a019e194a3ad,Expression of Ideas,Transitions,E
855247c7,caa9e207-e30f-41ec-b353-c35b7b9b9175,Expression of Ideas,Transitions,M
94f4eecb,35c1814a-d776-4927-b0af-092bc597c446,Expression of Ideas,Rhetorical Synthesis,M
00bb356a,e0204d9d-b533-4d08-a0f5-d17a2366902b,Expression of Ideas,Rhetorical Synthesis,E
a3bf0a9d,ce846d6a-1094-4244-a4b0-8eeb2638fd10,Expression of Ideas,Transitions,M
99183985,f8ac7e78-a209-4437-a3de-2899ad555b36,Expression of Ideas,Rhetorical Synthesis,M
70538b9a,4147c82e-66fa-4dc9-8b24-a4de406b8f81,Expression of Ideas,Rhetorical Synthesis,M
4154a7a3,0f5bfa92-30e4-40c4-a83a-c4457a854ece,Expression of Ideas,Transitions,E
4703eafb,9b3cf440-7790-49d1-a3c2-47a194d3c749,Expression of Ideas,Transitions,M
b5a399f1,3af242c2-e93e-445c-b15f-b7ddf46f46fb,Expression of Ideas,Transitions,E
9c78f702,ab69dcee-b14a-4f46-9702-9308030b492d,Expression of Ideas,Transitions,E
2ba97187,ba254f3b-4864-4414-bb3d-2331683558d7,Expression of Ideas,Transitions,H
25adba4e,0f25a5ee-f1f8-494b-8e6f-58f5d6f7ce7b,Expression of Ideas,Rhetorical Synthesis,E
d3898d32,fa2d1a26-46bd-490d-8fe1-30454adad22a,Expression of Ideas,Transitions,E
fb3abe38,44184b07-d595-4b34-bf13-95e1d824be36,Expression of Ideas,Rhetorical Synthesis,M
de0bcf4f,9edb78a5-5dbc-486f-81dc-a9890490260d,Expression of Ideas,Transitions,E
ecb31049,305de7e7-1899-4dd5-a658-e651cf87c5c3,Expression of Ideas,Transitions,H
7f2781fd,ac6011e6-00d4-46f9-99f9-ca64c8117fe0,Expression of Ideas,Rhetorical Synthesis,E
eea351c4,5401b4e3-2d70-43a2-b7df-384959606a0f,Expression of Ideas,Transitions,M
570dd854,a9b0711d-497a-4790-924b-3ba7c43e2b09,Expression of Ideas,Rhetorical Synthesis,M
3150021d,489d0e8e-1669-4e1e-9164-ea2f62fbead7,Expression of Ideas,Rhetorical Synthesis,E
0205e563,361cfad2-26f4-4227-886d-d6f8b8d7147a,Expression of Ideas,Transitions,M
02527f43,727ad47c-2691-4500-8350-2815c043093a,Expression of Ideas,Rhetorical Synthesis,E
e8494245,944d6e30-8dda-4769-bf70-e1b924a62c8c,Expression of Ideas,Rhetorical Synthesis,H
efc19153,a0186a2e-4208-4287-b388-b90a267672ef,Expression of Ideas,Rhetorical Synthesis,M
eae29760,8d61d85b-4737-45cf-883b-03784c97364e,Expression of Ideas,Rhetorical Synthesis,E
835b101b,7e339545-8459-496d-8249-48f3cef8f795,Expression of Ideas,Rhetorical Synthesis,M
39d1a519,ca657b0e-f012-43f4-a83e-4ab1fc4e2828,Expression of Ideas,Transitions,M
420dea42,29b663d7-ec23-47a6-9d1a-86a57df1e896,Expression of Ideas,Transitions,E
aec8d3e8,251dcf25-44d2-489d-9673-339f0f2577d4,Expression of Ideas,Rhetorical Synthesis,M
6916c8e5,5dc54953-7e21-4e5e-b76a-af27eca7a27a,Expression of Ideas,Transitions,E
61c0f7b3,2cebbebd-329d-4b4b-9843-e00858aed019,Expression of Ideas,Rhetorical Synthesis,M
77e3b3b3,b5f5a3c9-8e64-4839-ae5e-632c2bbaef48,Expression of Ideas,Rhetorical Synthesis,M
7fa2b1ee,30b9dac9-36d2-488e-a95f-ae0404e84c5f,Expression of Ideas,Rhetorical Synthesis,M
56b000d0,514e4a8c-074b-4212-9e5b-95cd02f9d16d,Expression of Ideas,Rhetorical Synthesis,H
f6d454c1,c3fb024d-054c-423f-bb42-cf33987d4d10,Expression of Ideas,Rhetorical Synthesis,M
92dec236,8088ce8e-5fa4-4a27-873e-7ca9d15f2a00,Expression of Ideas,Rhetorical Synthesis,M
e1453c88,0b406856-4131-43d4-a343-4d2db939e35e,Expression of Ideas,Rhetorical Synthesis,M
87d34a39,47825dd9-caac-44a1-b61d-8a36623c6ece,Expression of Ideas,Rhetorical Synthesis,H
de55ec71,523887d8-5850-4f95-828e-c64095efdb88,Standard English Conventions,Boundaries,E
e38b3e4f,05e23e94-a65b-4643-b1c5-c59ea1dafada,Standard English Conventions,"Form, Structure, and Sense",E
89fbc3eb,df9bd545-dece-46fb-bf5b-f60931397f9c,Standard English Conventions,Boundaries,M
960dec02,5c126f26-375f-4a6c-8e1b-51954164e3ac,Standard English Conventions,Boundaries,H
37e5c794,014a9604-e171-4d08-bf30-8e902eb9d335,Standard English Conventions,"Form, Structure, and Sense",H
4b0c7b62,002fb221-07c6-4406-a00c-ed57339ea78c,Standard English Conventions,Boundaries,E
6f08641e,c0873d88-f061-492d-a514-e5e581fab367,Standard English Conventions,"Form, Structure, and Sense",M
3a1239d2,56878c2f-bb61-4e08-91cf-80b1d17b0ac0,Standard English Conventions,"Form, Structure, and Sense",H
3580533b,da5f48d2-3276-4469-85e5-9116ec9afd2c,Standard English Conventions,"Form, Structure, and Sense",E
2c49940e,609089f1-4c20-45bd-96ea-93658a00f6d8,Standard English Conventions,"Form, Structure, and Sense",M
e62241b7,3bf90a30-ea0e-4762-adb2-a5e07db0fb4d,Standard English Conventions,"Form, Structure, and Sense",E
7f226b4b,a1555b5a-e2c7-4111-820a-85ed1923e629,Standard English Conventions,Boundaries,M
74ce2f05,b2c3cb5c-13f8-4a31-aad8-5741ce2817de,Standard English Conventions,Boundaries,M
a2816c7f,ed257044-3bd8-403a-8ea6-516cc4ebcac5,Standard English Conventions,"Form, Structure, and Sense",H
a7c85001,e845817f-2b9b-478e-b657-e6f8392b425b,Standard English Conventions,Boundaries,E
eb95235b,b13612d3-41b3-4be6-9c7c-3b2f739b4cdb,Standard English Conventions,Boundaries,H
adf210e7,3867bb67-ce72-40ca-a140-79b0a6b50603,Standard English Conventions,Boundaries,H
b7363ba2,4013bf79-48e1-43dc-b34f-7b74a15c2005,Standard English Conventions,"Form, Structure, and Sense",E
908a76b8,bbade20e-2e78-447d-b72f-da4a848bb096,Standard English Conventions,"Form, Structure, and Sense",H
707461d8,d4aae75d-6547-4de4-ae69-d3419e693a32,Standard English Conventions,Boundaries,H
1ee7b429,e7180d76-2567-4835-bcce-ca963a7dadf9,Standard English Conventions,"Form, Structure, and Sense",M
13fcf575,a5e68a12-2354-4595-9f2a-47885f367e02,Standard English Conventions,Boundaries,H
940ff6f7,e7084bbb-2fb4-4871-be43-276160350da2,Standard English Conventions,Boundaries,H
333b2b65,dacdeae0-91cc-4045-b9ef-dc27fb85d045,Standard English Conventions,Boundaries,E
4c335aea,7f3c6e0f-f874-4a74-90fc-9094b0b81b29,Standard English Conventions,"Form, Structure, and Sense",H
8b017d4e,ada8e0c6-49b4-4d07-9331-b165a187a3f9,Standard English Conventions,"Form, Structure, and Sense",H
aaa1907f,ddf2d37c-18bd-4bb1-bedf-9a2f4de6b4e4,Standard English Conventions,Boundaries,H
7f48b098,98341ec4-6938-453c-9ee4-11a09b55eabf,Standard English Conventions,Boundaries,M
626a1642,c9621282-e14b-469a-a221-70a4156b72f3,Standard English Conventions,Boundaries,H
035fd57e,18df74c1-ac99-42bf-bb82-f63d79a72cb9,Standard English Conventions,"Form, Structure, and Sense",E
148be4da,607efa95-e3e3-4977-8e7b-f0388cebb5b5,Standard English Conventions,Boundaries,E
9df6da04,dc7daa8c-11e7-42ab-87f7-ef188fb42866,Standard English Conventions,"Form, Structure, and Sense",H
0f39b19c,78f6a3d3-014c-4f0b-b669-c873155cf2c3,Standard English Conventions,Boundaries,M
ae439895,cb2be4fe-d06f-40eb-aca3-805b00f0841d,Standard English Conventions,"Form, Structure, and Sense",H
83617355,eebf8e2e-dd88-4f72-911b-ab8ed88ed646,Standard English Conventions,"Form, Structure, and Sense",E
f78997cf,0f97b9c6-806b-4be8-b57f-75c74183ed6a,Standard English Conventions,Boundaries,H
f0864217,ffcd5adb-7896-4d69-a9b4-b137e13b1c91,Standard English Conventions,"Form, Structure, and Sense",H
c91ef0f0,2b30643e-3d33-441c-afc0-d5c81606dcd3,Standard English Conventions,"Form, Structure, and Sense",H
7b419faf,2a5f93a6-815c-478e-80c5-6726b61179d8,Standard English Conventions,"Form, Structure, and Sense",E
29c9be28,904e43e0-7683-4367-bca6-125ad4829d8b,Standard English Conventions,"Form, Structure, and Sense",E
983d33fa,9f44164d-95cd-4ebd-a001-076b040f7945,Standard English Conventions,"Form, Structure, and Sense",E
6e193b19,6130db83-ad00-4590-b9b5-27ba06a70f9a,Standard English Conventions,"Form, Structure, and Sense",M
fced396a,fa95da1d-7829-4ac7-9367-cc29aa6fd8c8,Standard English Conventions,"Form, Structure, and Sense",H
e6f2dba6,84666224-5c68-4c5f-a22d-c52e9a707389,Standard English Conventions,"Form, Structure, and Sense",E
52b61716,e0bd0d1c-70a9-41c6-91b0-62f15f6fb5eb,Standard English Conventions,"Form, Structure, and Sense",E
4dcedc31,2b2c783d-0fb5-4589-bfab-c94cee0c2768,Standard English Conventions,Boundaries,H
96c720af,d0e7c085-65c6-4b10-80a4-be7a83cb792b,Standard English Conventions,"Form, Structure, and Sense",E
dbd78791,5ee14bc4-965c-432e-90ad-8f3144cd7889,Standard English Conventions,"Form, Structure, and Sense",E
819c443d,af698645-0a0d-4fae-bb26-4c38400997ff,Standard English Conventions,"Form, Structure, and Sense",M
100269ad,b16da3dc-d20a-4b91-99b6-084363d6ac60,Standard English Conventions,"Form, Structure, and Sense",E
674e59a3,05f74e82-e82f-4979-b23e-6aa8533f1b21,Standard English Conventions,"Form, Structure, and Sense",E
0aebdf5f,c93d96b4-b4f6-4fbb-ac6f-e2d30b6c9ef6,Standard English Conventions,"Form, Structure, and Sense",E
f10b7ce4,5b4f4d25-c4a2-4d33-b71e-ad72e9443a44,Standard English Conventions,"Form, Structure, and Sense",H
155239cf,155379f1-163d-4cfe-89ff-ea5219cd2f3a,Standard English Conventions,Boundaries,E
82a76537,9769fda4-5abb-4b85-9e45-26e6b0d6c2a2,Standard English Conventions,Boundaries,M
9091458d,bd7408af-a2d1-4c48-8447-ef7d4ca6096c,Standard English Conventions,Boundaries,E
ac5536c1,007dd895-e4ed-4aa1-8414-06c33e6fd271,Standard English Conventions,Boundaries,M
5bed774c,c19cd325-f2f3-411c-bb1d-88a70950991f,Standard English Conventions,Boundaries,H
4aa28ac3,e0a47e80-b53e-4a80-a4c7-7e34a1a2ff52,Standard English Conventions,"Form, Structure, and Sense",E
9c3630b9,6e22e8b6-807a-46a1-9fec-d9dc4525dd5a,Standard English Conventions,Boundaries,H
8df848c1,34dd93b4-638f-4154-a19d-02076e55e31e,Standard English Conventions,"Form, Structure, and Sense",E
77bf77cd,b426ef5f-b7cb-4486-bd1e-c1576e4ef344,Standard English Conventions,"Form, Structure, and Sense",E
3a2d77d7,86a457d1-ec67-4057-85fc-50dbbcaeb40d,Standard English Conventions,Boundaries,H
435809d8,758fbc90-f07d-463d-9e8a-30c83122b3ce,Standard English Conventions,Boundaries,H
ea0aa676,da72d380-645c-41e2-b520-90d8e8d60daf,Standard English Conventions,"Form, Structure, and Sense",H
b0115ef6,06418ce9-cee6-42af-9e2e-f3c006985aff,Standard English Conventions,Boundaries,E
83898524,79863ab0-1eb0-4a5f-ada0-744b9137e41b,Standard English Conventions,Boundaries,H
fba5d8d1,5bbed69a-9680-4d41-95a7-8291a97873e4,Standard English Conventions,Boundaries,H
57998dd3,461da84a-fab3-40aa-ac49-bb682b69b95e,Standard English Conventions,"Form, Structure, and Sense",E
dc645172,7bb7d4ec-3a32-4865-9c03-0dcb643319de,Standard English Conventions,"Form, Structure, and Sense",H
6fece68e,c7948c58-730a-4e33-9b99-8b3ed2ccf4f0,Standard English Conventions,Boundaries,E
886dc9f9,d608f1d2-cacf-4645-8c8c-d4f77b5cbdeb,Standard English Conventions,Boundaries,H
166efaa2,de4bc4b7-6302-45b9-b7f9-3ab13226a04a,Standard English Conventions,"Form, Structure, and Sense",E
59a246dc,7f6ba76f-bb2a-48dd-b99b-34aa8174eaa1,Standard English Conventions,Boundaries,H
a153ad6a,97d6d296-9094-426b-ac81-e4485adb17b9,Standard English Conventions,Boundaries,M
e060dd6b,bc1744e8-0f12-494e-9ed7-58cc89eacd1c,Standard English Conventions,"Form, Structure, and Sense",H
35ae047d,f0c9e8fd-3545-4ef8-8b86-366565650b78,Standard English Conventions,"Form, Structure, and Sense",E
9eb43963,d2a292d9-9931-40c0-912f-7cf36f65379e,Standard English Conventions,"Form, Structure, and Sense",M
eeb14722,797b02ff-4b49-42f5-bec2-3b20e73db91a,Standard English Conventions,"Form, Structure, and Sense",M
6e071432,27dcef67-fa3b-4d14-8bc9-703bcc36b1b1,Standard English Conventions,Boundaries,H
db4e3819,d9ad9716-d123-456c-8e83-a43bf63d78d8,Standard English Conventions,"Form, Structure, and Sense",E
20ea68b7,ad45b060-13f3-4798-9b29-1165f8c5861f,Standard English Conventions,"Form, Structure, and Sense",M
77e06a09,52f7b46f-3f44-4d76-8063-d928257b3164,Standard English Conventions,Boundaries,M
6ea8c23f,42ca5120-4c07-4e04-98e7-e2990f2fdebd,Standard English Conventions,Boundaries,H
aab74a3b,b3394e1d-8bef-4690-96df-747d1268c0fe,Standard English Conventions,Boundaries,H
1724dac2,86cf8f91-b7a8-4855-8d80-1cbaa66e7529,Standard English Conventions,Boundaries,E
512f0ac9,d17935b6-fc0c-4512-97c0-74e5f85706b2,Standard English Conventions,"Form, Structure, and Sense",H
1aa3f174,f6c312e1-2810-41e4-b1c2-6e68694d5b44,Standard English Conventions,Boundaries,M
a9e5b788,c1511bfa-bdff-47a6-946b-2041f9cdb4d7,Standard English Conventions,Boundaries,H
cdbbbf94,7730a558-40d3-432a-8bcd-518885d552d6,Standard English Conventions,Boundaries,M
a3e87535,2ce12901-ba63-4561-9077-97d4b4b4fc47,Standard English Conventions,Boundaries,M
d47bb0a4,44cd4ccd-606d-42bd-9fef-e5ba8bbc4ecb,Standard English Conventions,"Form, Structure, and Sense",E
e3b72630,19b05c45-fc5a-4198-9bb5-1afb94489d1e,Standard English Conventions,"Form, Structure, and Sense",E
d2b81427,2ecd025a-d554-43f3-81bd-70826491a1b8,Standard English Conventions,"Form, Structure, and Sense",H
56315bd0,01d852b8-1a06-4514-b580-1127a9d57e47,Standard English Conventions,"Form, Structure, and Sense",M
a1e0c981,680f1070-ecf0-4f32-97f8-edc4a018f80c,Standard English Conventions,Boundaries,E
b35cefb7,0dbd2984-0698-425d-b3f3-72eec63753e7,Standard English Conventions,Boundaries,E
e76e74e8,6bdebc9a-4dfe-43f2-8b13-576a2c99847f,Standard English Conventions,Boundaries,H
b74f676f,97896a38-0f18-411b-9cdf-1f1767d325f2,Standard English Conventions,"Form, Structure, and Sense",M
1a61e2ae,a7dc218f-7af4-4a81-8a3e-dc36da41b8e2,Standard English Conventions,"Form, Structure, and Sense",H
3a35ddd1,a6122f55-b5d2-48a9-a947-ffe0fe9c2d0e,Standard English Conventions,"Form, Structure, and Sense",E
69f031ab,b76bc994-bb77-47fa-be8f-b73de6f5a5d9,Standard English Conventions,"Form, Structure, and Sense",E
083a35dc,26edb161-36c0-40ea-89cd-588e9b2b1f31,Standard English Conventions,Boundaries,M
486f03da,5f0a06af-a0fc-42b7-85b8-b0c76c2119bf,Standard English Conventions,Boundaries,E
003f22c8,a61d8163-0a69-4a71-a077-552447476d6e,Standard English Conventions,"Form, Structure, and Sense",M
aab78b25,3491d680-a522-4abf-8b49-9f6d917bef8b,Standard English Conventions,Boundaries,E
8b002b08,61928868-9dde-4af3-bee1-100f4eef0524,Standard English Conventions,Boundaries,E
145d5ca7,cd06b390-9a40-4a9a-9f19-eaf6c6d27ea1,Standard English Conventions,Boundaries,M
843f92af,7e42cdd1-ac80-4b64-be06-13a9faac854d,Standard English Conventions,"Form, Structure, and Sense",E
430d929a,7bfeb66b-6a87-475b-adf5-180cccf63991,Standard English Conventions,"Form, Structure, and Sense",E
1684b237,1827c508-38a4-4882-9007-2e81c2a8cd8a,Standard English Conventions,"Form, Structure, and Sense",E
be34a3df,e5b71b6d-2901-4d56-b764-950afb57a96b,Standard English Conventions,Boundaries,M
1f8cd95f,59a8e1dc-6d62-4b63-93ae-6ceece8028be,Standard English Conventions,"Form, Structure, and Sense",M
73a6603c,a168e337-aa68-4991-b999-b10743da59e1,Standard English Conventions,Boundaries,H
70ced8dc,86945868-34a5-4eb0-b377-c4a626dd62d0,Standard English Conventions,Boundaries,E
3bceeb93,9c5279c5-530c-4758-a44e-cb3bc941f2e0,Standard English Conventions,"Form, Structure, and Sense",H
6fac7f45,e03f7485-ceab-4c91-bc83-0288f4fc1e97,Standard English Conventions,Boundaries,H
aecdb820,29a4c0f5-e4a7-4ae9-93fc-4c153df627f7,Standard English Conventions,Boundaries,H
2c9c6ca9,27e6a792-7dd0-4c78-ae6f-67d2960ac1ac,Standard English Conventions,Boundaries,H
8a3998f1,930d8bba-a206-4152-ac1c-d542102caced,Standard English Conventions,Boundaries,E
dab8b8ee,827e0162-2691-4a51-b3c8-11c9f57a2e06,Standard English Conventions,"Form, Structure, and Sense",H
4bed4658,849def3d-1c3e-4354-aa94-6f2485ef2224,Standard English Conventions,"Form, Structure, and Sense",E
96953201,21b4b72d-63c7-49b2-a0cc-f6a157bd755c,Standard English Conventions,Boundaries,E
acf454af,dbd12d8c-8c80-4050-90a8-fe2e239abf44,Standard English Conventions,"Form, Structure, and Sense",E
6fdddabf,56dd3fb5-ae99-43c6-9259-f851077a1fbb,Standard English Conventions,Boundaries,E
8f6d6ae6,87c679a7-fd47-4d88-a4f7-43658338277e,Standard English Conventions,Boundaries,M
26c8c88c,03a256b6-5176-4252-90e5-202271ae9743,Standard English Conventions,Boundaries,E
c06af4d8,a1fa2a51-c2ae-4892-8ffc-41238399100e,Standard English Conventions,Boundaries,H
f4fd123c,3ffb108e-969f-4e8b-a181-2d502ec28aef,Standard English Conventions,"Form, Structure, and Sense",E
e8926747,8762455f-8d5b-4463-a813-95381510eaea,Standard English Conventions,"Form, Structure, and Sense",E
e9aee0d8,ce93882d-e9b3-4571-9397-90d1592b6836,Standard English Conventions,Boundaries,H
97df6650,3bf78db0-3a62-4e52-addb-7eec43aeb7cc,Standard English Conventions,"Form, Structure, and Sense",E
d198997b,7242e88d-e335-4dc4-b9df-662c2488fc9b,Standard English Conventions,Boundaries,M
9579581e,f6f803fa-d374-4157-9aaf-f64022a12a4b,Standard English Conventions,Boundaries,H
60713427,885313c5-893d-4f59-8ae0-167254da5d81,Standard English Conventions,Boundaries,E
7f1df833,96889af3-0842-483d-ae93-cd1be0cf6ade,Standard English Conventions,"Form, Structure, and Sense",M
2ee50d41,cf0c5d1f-d0c9-4136-8b34-dcc2ebaf79e2,Standard English Conventions,"Form, Structure, and Sense",E
15d6d837,f527771a-3e59-4565-ac50-fc13a5b072dd,Standard English Conventions,"Form, Structure, and Sense",E
59209b6d,7ec16da8-46a0-483b-91a8-51977dd43623,Standard English Conventions,"Form, Structure, and Sense",M
a75d5984,328ab8a3-7315-4722-b40d-a7d0944ccde3,Standard English Conventions,"Form, Structure, and Sense",H
2b512e65,a95027cf-d330-49f3-9436-0f55c8a56c5a,Standard English Conventions,Boundaries,M
856b495d,df6445af-a873-440f-a6e9-31de0e8f70f7,Standard English Conventions,"Form, Structure, and Sense",E
870ae7ec,7fbbb4df-76bf-4c0d-86da-6076a653b90d,Standard English Conventions,Boundaries,M
cfe23776,5aeac962-fa14-4491-8991-56ff0ec4b5c6,Standard English Conventions,Boundaries,M
4f2ff5f2,38edd1af-9ea5-446b-954a-aa2b3dde22d2,Standard English Conventions,"Form, Structure, and Sense",M
2784cbaf,c262c2cf-76aa-4333-8ded-17badecce917,Standard English Conventions,"Form, Structure, and Sense",H
863065c7,1ed37cd6-0c97-4845-a120-92ca57b36b16,Standard English Conventions,"Form, Structure, and Sense",H
872a002e,6488c559-7e14-4a19-82cc-cd8c9a18a1e7,Standard English Conventions,"Form, Structure, and Sense",H
fcaff694,ac4962dd-95b7-4b55-a625-8e38af6f3f37,Standard English Conventions,Boundaries,M
0fe5ce68,05b16bae-aa49-4296-b74b-56a697e560b0,Standard English Conventions,"Form, Structure, and Sense",H
b369d54c,9ab447b4-2056-48f4-8c73-e99de88bddef,Standard English Conventions,"Form, Structure, and Sense",H
790fc366,2e95b660-ad51-4543-8a1d-23e3151b4d55,Standard English Conventions,Boundaries,H
62120607,b80deb69-694b-483f-bf34-a0354855c351,Standard English Conventions,Boundaries,H
c437dd53,97f2d24c-3152-4904-8542-5d10445ee132,Standard English Conventions,"Form, Structure, and Sense",M
2bb7416a,2e16f638-d480-4613-b60a-1efd039dcab1,Standard English Conventions,Boundaries,H
97b62fab,1302875a-5271-4e0a-8ec6-526e0b4929e6,Standard English Conventions,"Form, Structure, and Sense",E
a05cc490,4630a3d6-55e9-46b9-b24d-1aaf315df76b,Standard English Conventions,Boundaries,H
89ab0d46,25a12959-71ba-4d65-8f91-fbe366e7c6c2,Standard English Conventions,Boundaries,E
85b8b9c5,9b5de448-a962-4066-9d0a-de9dedcb59dd,Standard English Conventions,Boundaries,E
b0a525be,1dfa39cb-41ee-43a9-9afe-e30883ec6c25,Standard English Conventions,Boundaries,M
eef91a50,27e36990-ad17-4dc7-9600-2b97b847f0c5,Standard English Conventions,Boundaries,M
01a32c84,60e94864-ffe8-48d1-bb47-dcb67d33a020,Standard English Conventions,Boundaries,M
548f4956,e04cdf67-05e6-4aa1-9e20-580977e98de5,Standard English Conventions,Boundaries,M
9d4a701b,749a7ffa-6183-458d-8c83-89e35fa7ac25,Standard English Conventions,Boundaries,H
2c84f96a,f1589ef0-65e7-4de9-a032-239112bc70fc,Standard English Conventions,Boundaries,M
d4f173ec,7a063e82-5711-4ff4-998d-9e1431f4d16c,Standard English Conventions,"Form, Structure, and Sense",E
dd6a0326,75e2f271-deb9-48a5-8790-d06ec8eb3379,Standard English Conventions,"Form, Structure, and Sense",M
4ba99a6f,7b252e1b-a372-439c-a47d-f11ea58fdf49,Standard English Conventions,Boundaries,M
ce81d0b7,45e3d22e-6b87-4603-b370-be6e4b42dcba,Standard English Conventions,Boundaries,E
db24ecc9,ef8b6b4b-e008-4899-a590-6d785c9b9eff,Standard English Conventions,Boundaries,H
35360da9,b8794e86-cc8f-479a-8a91-f54d81a14747,Standard English Conventions,"Form, Structure, and Sense",E
0fa289a7,65b38c29-ee46-4237-ae07-31e809877121,Standard English Conventions,Boundaries,H
f0f9bf8f,e2571e58-9647-4c76-bee1-1ffb191506d2,Standard English Conventions,"Form, Structure, and Sense",E
ace95f84,fd647ae7-ec37-4389-826c-c5e2146d2aa8,Standard English Conventions,Boundaries,M
6df020e6,6536f9e4-0474-46f2-9804-9baa25c5bea6,Standard English Conventions,Boundaries,M
684b8bd2,ca6aad86-e39f-46be-8997-426a80aafeaf,Standard English Conventions,"Form, Structure, and Sense",M
f30a478e,cf47f4f6-bab4-44f6-82fd-17fbbf30c460,Standard English Conventions,Boundaries,H
67667d72,c6925857-6ee5-4d22-bcad-1f31a98fa419,Standard English Conventions,Boundaries,M
80aa7690,ad3374eb-4b0f-48b6-993c-634ad88d9e0b,Standard English Conventions,Boundaries,H
cd4b1a7e,aca54523-e3d5-4486-aac0-0b3b70e3ecbe,Standard English Conventions,"Form, Structure, and Sense",E
60a4c088,2146536a-805d-44d0-907d-c92abeb46074,Standard English Conventions,"Form, Structure, and Sense",E
75eb5242,f537e9f7-9506-48ce-a594-e0991ce1b7db,Standard English Conventions,Boundaries,E
dd428136,d8b61b96-0590-43d3-95e7-394b70d0c761,Standard English Conventions,"Form, Structure, and Sense",M
a94b7fd6,b64f1285-2a18-40a7-ae6b-1eedba20c77e,Standard English Conventions,"Form, Structure, and Sense",E
6bc907c9,26616194-2880-4427-af14-e3eb1ac1703d,Standard English Conventions,"Form, Structure, and Sense",E
04bfd364,06094015-954f-4609-9640-c794948f54c0,Standard English Conventions,Boundaries,E
36868920,aa494bb3-a442-4bba-9a94-622b0297b91b,Standard English Conventions,Boundaries,M
772835db,931dceb0-251c-469c-8475-e8b6fad3b219,Standard English Conventions,"Form, Structure, and Sense",H
f339ee39,51e3afc5-5b0e-44ac-ba31-71b85c36fa37,Standard English Conventions,"Form, Structure, and Sense",E
ea8f4658,5f6aff36-fba7-4d47-9254-29101c8c3de5,Standard English Conventions,Boundaries,E
f768090a,58d56d87-b826-4444-a46e-ca0aa7fd474e,Standard English Conventions,"Form, Structure, and Sense",H
775f3eb9,025a5224-0751-4d35-861f-23e6d8499fb4,Standard English Conventions,"Form, Structure, and Sense",E
5670a657,86d7d04f-3f8f-48a2-8086-f4465af48abb,Standard English Conventions,Boundaries,H
b6560e5a,27832d9c-52c0-451d-9ea9-b7f14498c1fd,Standard English Conventions,Boundaries,M
5aa171de,e1514a4c-0079-4703-a68b-9704e381a0c9,Standard English Conventions,Boundaries,H
5b8f9cf2,3bc3e61e-c2c6-441a-ae74-ecc66e630b95,Standard English Conventions,"Form, Structure, and Sense",H
b5b74c3f,6fe97f65-ef51-4779-b1bb-b8a10f5f6764,Standard English Conventions,"Form, Structure, and Sense",E
432b1ede,e0b53c52-f897-4582-b7de-f6e211e87ff7,Standard English Conventions,Boundaries,M
c21df211,471d4144-80a4-4d23-a0c0-170823a91b45,Standard English Conventions,Boundaries,E
50445680,75a68c82-90ac-4a3e-82e7-d428173a67c8,Standard English Conventions,"Form, Structure, and Sense",E
267a13e2,1272a41a-f321-46f0-8b6f-a016b8d2916a,Standard English Conventions,Boundaries,M
403d7bb5,0e6d7cb4-df03-41e3-a232-17a4230ba774,Standard English Conventions,Boundaries,M
fcab3630,d99f186d-1906-41f6-a1df-00cd641b8ca2,Standard English Conventions,Boundaries,M
a7fdf862,2dc8fd9e-7505-4375-8f4b-a585bd6bd9a9,Standard English Conventions,Boundaries,E
21e58a83,5298757d-b328-4c83-880d-c22c895cef4a,Standard English Conventions,Boundaries,H
de3dd17d,fb98819c-e3c7-4182-986d-6e3fe6ba6ec1,Standard English Conventions,"Form, Structure, and Sense",H
c102f9b0,2c5ae910-ddc7-449f-b570-d39c820b417b,Standard English Conventions,"Form, Structure, and Sense",E
6b49f5f1,07e644e3-0de6-4c39-8041-74cd3d1d1b67,Standard English Conventions,Boundaries,M
ecba68b5,2fea820d-294a-42a9-ae07-e544fc69cdb9,Standard English Conventions,"Form, Structure, and Sense",H
2dd1b8bf,89f889f8-33b2-4456-a14a-eca50b5f9f38,Standard English Conventions,"Form, Structure, and Sense",H
577b09fa,12a5beb4-702a-42ed-b6ee-f189a7ea04e6,Standard English Conventions,Boundaries,E
59094d87,e0ef59fa-d068-4fe0-a711-c0cfe98b9185,Standard English Conventions,Boundaries,H
8772475b,190c6d23-964f-492f-be93-b2dcb880a09c,Standard English Conventions,Boundaries,H
eee7536f,97234b6e-84b2-4fa6-8f23-d52ad8303c8e,Standard English Conventions,"Form, Structure, and Sense",E
0ff8477b,137d558c-91c1-4433-9413-e9c0435848d2,Standard English Conventions,"Form, Structure, and Sense",E
b260c65a,a36b0b7c-48db-4ea0-9355-d1af147bdc3c,Standard English Conventions,"Form, Structure, and Sense",E
83c9c503,d330987d-701c-4103-b3d5-10c01e98bd35,Standard English Conventions,Boundaries,M
9f737b2a,cf594266-c5ac-414f-abb6-d1d804b6019c,Standard English Conventions,"Form, Structure, and Sense",M
c52652c9,973e4eb2-2841-48c6-b98f-7b86e8aac6ee,Standard English Conventions,"Form, Structure, and Sense",M
ba8ebf49,a171e670-9a31-475a-924f-3700761b490b,Standard English Conventions,Boundaries,H
188f7e3c,e941b046-f212-43a5-9e8f-2301a133cef6,Standard English Conventions,"Form, Structure, and Sense",H
36944347,b3bc2c6c-72fa-4157-ba24-5cee04bde61f,Standard English Conventions,"Form, Structure, and Sense",M
a466679a,2e13e59a-2ea7-4c98-b37e-06a129472be2,Standard English Conventions,Boundaries,E
a8fa749a,fe470995-4b5b-4316-86cc-b2a363cc3737,Standard English Conventions,Boundaries,H
898f182c,e0a588a4-5e5a-48bf-916c-83bd97366237,Standard English Conventions,"Form, Structure, and Sense",E
6e5bf3a8,0765ff91-480b-4dbc-9180-944329c2b26d,Standard English Conventions,"Form, Structure, and Sense",E
fa36d803,849dbfd4-a703-4e5f-9a77-444840ef8712,Standard English Conventions,Boundaries,H
84658166,47afaaa9-8c03-407e-a86f-61898f5eb0be,Standard English Conventions,Boundaries,H
7c48a6dd,69d8b8e6-123a-473c-bf90-991f3f3ba3d7,Standard English Conventions,"Form, Structure, and Sense",E
e3c1b4f7,3278d8b3-d2c0-42fb-a33c-0dc1c901b044,Standard English Conventions,Boundaries,H
5cc85f01,3433622c-fe41-475f-9c1c-0af1cb2cde7c,Standard English Conventions,Boundaries,M
8d53e7a0,580a6b24-5b50-42e6-a22d-aa65afc91c80,Standard English Conventions,"Form, Structure, and Sense",M
cabe71d4,f0236e18-52a2-4da5-893f-8f4c5799f85d,Standard English Conventions,Boundaries,E
9994ae0d,2944e1e6-569e-4649-8926-4a054cd615dc,Standard English Conventions,"Form, Structure, and Sense",H
61160f0a,f6bd4a4e-3f11-428d-82e6-e1619b5be11c,Standard English Conventions,"Form, Structure, and Sense",H
7b950fc2,0b5a29de-5bdc-4eaa-8cd2-44e0da501b87,Standard English Conventions,Boundaries,E
75f49353,5549cd24-68fe-42a6-8f8d-7c7f385a536c,Standard English Conventions,"Form, Structure, and Sense",M
20a6a4ed,7463dd18-2479-45bf-b2a5-4f739fe1c34c,Standard English Conventions,"Form, Structure, and Sense",M
a03008de,74f18890-70bc-4a2b-8608-64249104bbee,Standard English Conventions,"Form, Structure, and Sense",M
c88ba1b7,603b8a74-0a7b-4e5d-9456-729dc5f9c391,Standard English Conventions,"Form, Structure, and Sense",H
1b97cce9,3e8a570e-28ad-4084-ba82-389eb7175263,Standard English Conventions,Boundaries,H
fff4c7f4,27c4515e-2e4b-44d8-8fa3-177cb2bf2bf6,Standard English Conventions,"Form, Structure, and Sense",E
40c3589d,be33fee3-fb20-4b3e-9938-f3ad06edd6a6,Standard English Conventions,Boundaries,M
b15724fc,f08c7902-ce6e-41a2-9e7f-ce75f04a265b,Standard English Conventions,Boundaries,H
c5d39bc7,cfcb1e78-476f-40a1-8f13-5193567c4c5c,Standard English Conventions,"Form, Structure, and Sense",E
e2759b92,6003973a-54bc-40dc-b4eb-46666a6f82ab,Standard English Conventions,"Form, Structure, and Sense",E
a872c60a,37abd28a-364b-4181-b8f0-03137396a0f4,Standard English Conventions,Boundaries,H
615f001e,e402c9de-ec5c-4fe3-ae02-d6233c202224,Standard English Conventions,Boundaries,H
594b4a94,8d60a30c-fcdb-46e7-b6e5-c48625b28d83,Standard English Conventions,Boundaries,H
5ad2a12c,f3097cbc-07dc-4f3f-b5c5-f88623a36c76,Standard English Conventions,"Form, Structure, and Sense",E
02871a0d,b3b3570a-d5e7-47c2-a583-aee897edbc4f,Standard English Conventions,Boundaries,E
2fd05c15,8a9f9154-be7d-4115-914f-7de2a4e80f23,Standard English Conventions,Boundaries,H
1448f43f,ba9730c7-12fd-40aa-b7ac-b72bb15ef79e,Standard English Conventions,"Form, Structure, and Sense",E
175df826,1ec934c9-2fc7-4872-ad4a-c25c8e18bbce,Standard English Conventions,"Form, Structure, and Sense",E
bce9910f,f0b28dae-ead4-424c-b282-82ad50054228,Standard English Conventions,"Form, Structure, and Sense",E
97e7bedc,8b0bce49-5316-42bc-b1e7-fda3fa0cc7af,Standard English Conventions,"Form, Structure, and Sense",M
c8540a5b,8913313c-428a-4db4-a846-a2f0f3114e48,Standard English Conventions,Boundaries,M
e15c50b2,dcb7a16b-f736-4733-af9b-04a8b4f35eb2,Standard English Conventions,Boundaries,E
988c78eb,8bb6fbca-1928-4a44-a519-87b48cd46077,Standard English Conventions,"Form, Structure, and Sense",E
96499989,0e57e42b-00aa-455d-8210-140c29759d6e,Standard English Conventions,Boundaries,E
fdb16e20,344d2279-223b-4e5e-89b6-609e08488125,Standard English Conventions,Boundaries,H
7e37affc,b20a8ed2-86bb-455d-a1a5-7bdec6418766,Standard English Conventions,Boundaries,H
28166dc6,f65b2467-248f-4fb2-926c-387de770ef8e,Standard English Conventions,"Form, Structure, and Sense",M
4565a53c,9ec6e792-f2d9-4e2e-92ec-c9b165923558,Standard English Conventions,Boundaries,E
f40b447c,d6592b88-b156-4a17-ab55-25262d62d208,Standard English Conventions,"Form, Structure, and Sense",M
7a0d9031,eaca3bb7-2f15-424a-8bc5-e6a3c42557a8,Standard English Conventions,"Form, Structure, and Sense",M
91fbd59d,3494d514-155b-4e3a-b3e7-bf6a257b3295,Standard English Conventions,Boundaries,E
d46ac7e7,12e5c35a-4f83-4ddc-a24e-2561f79aa6ff,Standard English Conventions,"Form, Structure, and Sense",H
b1e8b87f,6178f63c-ef9a-4ece-8394-3d77620b7ff1,Standard English Conventions,Boundaries,E
2b6e1c06,1fc029ba-12f8-4fdc-8bbd-5de72b176e89,Standard English Conventions,"Form, Structure, and Sense",H
3595a991,bf69cb89-2c0b-45b8-b5bc-df6d238c3f33,Standard English Conventions,"Form, Structure, and Sense",M
f45ae404,859b0c99-ba39-402b-950e-6ea7f8512193,Standard English Conventions,Boundaries,H
1ee4485c,f60eab77-bd60-4227-a0f7-3a92bc6547e2,Standard English Conventions,Boundaries,H
e31b0056,2676f9c1-ebb4-4b58-87f5-8d5146ce67a4,Standard English Conventions,"Form, Structure, and Sense",E
8459dc2f,e8cc79a3-b745-4fd7-ac84-1094a8931ca9,Standard English Conventions,Boundaries,E
31362d2d,08df22f2-5ba9-4073-bf61-ba5e2563f16b,Standard English Conventions,"Form, Structure, and Sense",E
667a0587,9b5e2c20-4871-4a3c-b1d8-c48dd0e64690,Standard English Conventions,Boundaries,E
d2cf0e11,1cda4e01-b0b3-4d26-9863-488d98878381,Standard English Conventions,"Form, Structure, and Sense",M
1d971f75,72facd3e-59dd-45a3-888e-115408f30005,Standard English Conventions,"Form, Structure, and Sense",E
2bca654a,6c44da23-c4c8-4327-867a-b33a5751abab,Standard English Conventions,"Form, Structure, and Sense",H
f40ca576,5b1c2438-3440-4e43-8c57-b478c7ed0be7,Standard English Conventions,"Form, Structure, and Sense",E
c101fc44,7d35af27-68b0-465a-80d0-29820bbdaa6c,Standard English Conventions,Boundaries,M
0bcb4417,57bf2f17-e513-4511-bd95-5bce2f8866c2,Standard English Conventions,"Form, Structure, and Sense",M
dddfa043,4ef8ef57-da46-45e4-8761-ac1b2742b33d,Standard English Conventions,Boundaries,E
be37d4ae,f7255304-c01b-4724-93c7-be429e27ea76,Standard English Conventions,Boundaries,H
94de423a,eae18f5c-7abf-4e68-8c7f-315c560a834a,Standard English Conventions,"Form, Structure, and Sense",E
c8607bdf,3cb708e3-621b-462b-9a18-c1fb4a811d10,Standard English Conventions,"Form, Structure, and Sense",M
b6de636f,023cedea-3308-47d9-a9ec-781faa676e63,Standard English Conventions,Boundaries,E
c15069eb,205f5245-08e7-4611-9731-a5ec8b73a181,Standard English Conventions,Boundaries,H
5aae2475,97bbdc34-b086-4b64-bd7e-939f61ee8bc8,Standard English Conventions,Boundaries,H
db2e480a,13351030-382d-45a1-ae41-40e41fd479be,Standard English Conventions,"Form, Structure, and Sense",M
4c9a2aee,c18288eb-c098-4079-87a7-b154aed1e680,Standard English Conventions,"Form, Structure, and Sense",E
b0fb36ad,2995ef09-1643-42cb-8005-8bc49ecc45e7,Standard English Conventions,"Form, Structure, and Sense",H
a30567fd,ebfa7bf0-5d0f-4c25-a6e2-dc282a6fa3f2,Standard English Conventions,"Form, Structure, and Sense",M
12013e06,d0d16783-ef40-445f-a4e1-a033a0b35daa,Standard English Conventions,Boundaries,M
f1c5157d,ba593ea9-220c-4820-9652-e73ba28a2582,Standard English Conventions,"Form, Structure, and Sense",M
96a904c5,c2aa5ede-8913-4159-b5a7-ffb934ed7645,Standard English Conventions,"Form, Structure, and Sense",M
329255db,b22ff9c2-896d-4eac-8572-8d6192510249,Standard English Conventions,"Form, Structure, and Sense",H
603755a5,6a78cf5a-062e-4db2-9381-1775d8d08c15,Standard English Conventions,Boundaries,E
ad046778,03a35c10-fe90-4240-9d2b-687104c00775,Standard English Conventions,Boundaries,M
7ce4ee13,12d17397-3221-4a0e-8894-52e43b3a51af,Standard English Conventions,Boundaries,H
aa443c4b,f731e445-687b-4511-98de-b2b5fcfe6f9b,Standard English Conventions,"Form, Structure, and Sense",H
0a114526,194d3a74-1fe8-40f1-9cf1-f2ea63dfa463,Standard English Conventions,Boundaries,H
a2293b3f,5aa98f5c-cc3b-452b-85ea-4fedfc2a58d5,Standard English Conventions,Boundaries,E
5aa1fffd,97a19958-6b28-4e97-925a-daeba4ca7826,Standard English Conventions,Boundaries,E
a5079e0d,25a17e6b-87b8-4a28-bc40-b8d65e369837,Standard English Conventions,Boundaries,M
831b55ec,6210f31b-209c-4eef-8eb5-f4adb93c6abb,Standard English Conventions,Boundaries,E
42cc9236,ba43ba37-2bb4-4501-96e8-9cc10f4f776b,Standard English Conventions,"Form, Structure, and Sense",E
fa07bcb6,a6fec74b-b685-46bf-b416-80f047cab9f3,Standard English Conventions,Boundaries,E
81ac953e,bb0a943d-ff9f-4fc0-84ad-b77c978840ff,Standard English Conventions,"Form, Structure, and Sense",E
b32eab9f,06a10eeb-f1d8-451b-a59e-6fa8b92f8fab,Standard English Conventions,"Form, Structure, and Sense",H
50801257,66e7598c-d405-4449-acce-7ae859d2c9f5,Standard English Conventions,"Form, Structure, and Sense",H
028752cd,f096c551-d21f-4560-8fdf-891ce0647d0e,Standard English Conventions,"Form, Structure, and Sense",E
1f39ab8b,2045b349-6d92-434e-824d-e7d0dacaa16c,Standard English Conventions,Boundaries,E
a14eef71,0522e184-5222-478f-9ddb-418cc01f08fe,Standard English Conventions,"Form, Structure, and Sense",H
5fd86f4b,ccfdec03-a8fb-478a-81c6-3298903b3495,Standard English Conventions,"Form, Structure, and Sense",H
f868d438,af8c6ab9-7395-46cf-8f90-531ef0739c5d,Standard English Conventions,Boundaries,H
60dd03bc,3e9880cd-98c2-422e-bba8-c7d45f2ce482,Standard English Conventions,Boundaries,E
6d4b2e1e,195e23f6-ec4e-4d53-b072-1e61cd17d277,Standard English Conventions,Boundaries,H
7c766ceb,b7676098-167d-4382-a6fa-0433eb35a466,Standard English Conventions,"Form, Structure, and Sense",M
39ac6498,cae5bb9d-a3a6-4aa6-8a22-4abcde006444,Standard English Conventions,Boundaries,E
b85c19ed,5bd954f5-6874-4280-909d-d887739ee539,Standard English Conventions,"Form, Structure, and Sense",M
109d5bbb,24931307-5434-4663-9019-dffec331df9a,Standard English Conventions,Boundaries,H
b5ff8f8e,5e58fdff-e882-4add-a135-ba9fbcd54abf,Standard English Conventions,Boundaries,E
18382e67,be69a3ae-b262-4c63-b611-2309cbe6870a,Standard English Conventions,"Form, Structure, and Sense",H
56770dda,90e6dd39-e06a-4cdd-8b24-75f1084a3f5d,Standard English Conventions,"Form, Structure, and Sense",E
3fee46f2,7cdef224-4daf-47ec-bf14-b5559cb48809,Standard English Conventions,Boundaries,H
d073983d,aafb7917-da63-4f45-a9cf-94812aae98f2,Standard English Conventions,Boundaries,M
02913383,378a8677-6d3d-414b-a804-6497ccf8c231,Standard English Conventions,"Form, Structure, and Sense",E
e92a7ad3,18630e41-b176-43e2-a994-3e994b4f977c,Standard English Conventions,"Form, Structure, and Sense",E
c468db1c,5321cf85-25cc-4b37-9b52-4aa249dafd17,Standard English Conventions,Boundaries,H
ac7b8d04,324fda2b-53dc-49f4-bd65-fd0a18a3b71c,Standard English Conventions,"Form, Structure, and Sense",M
8a9d2f4e,b0d3e5cc-34fc-41f9-9917-58fd11be3485,Standard English Conventions,"Form, Structure, and Sense",H
576b2c70,d89bd0e9-6f42-40c3-823a-8b84df10b1dd,Standard English Conventions,"Form, Structure, and Sense",E
78e978b5,01e4ee04-31c9-44d9-be3a-ab16ed00a0c1,Standard English Conventions,Boundaries,H
d4fe8f03,9d7efeb8-a63e-4a31-ae50-bb9901cf58fe,Standard English Conventions,Boundaries,H
dfbf5d33,6acf38a5-775d-4334-8111-a9f1394d9db3,Standard English Conventions,"Form, Structure, and Sense",H
cf08e2fd,6939cd22-4028-4cd4-8c6c-715efed88077,Standard English Conventions,"Form, Structure, and Sense",E
bb4557cf,f155ec07-5374-4ced-81d2-5bb890c07633,Standard English Conventions,Boundaries,H
da53d726,8cd38df4-f96a-40f2-ae1b-0370ec32c3b7,Standard English Conventions,Boundaries,M
f2eaaf5d,38e3e89e-703c-43e0-af99-00654ddf5fd8,Standard English Conventions,Boundaries,E
ec08463d,16b9a9a2-b5d1-4f24-8427-a82d6389baaa,Standard English Conventions,"Form, Structure, and Sense",E
0b005ae2,d2dee6cb-c775-4f13-b8cd-a1e34eb70c1d,Standard English Conventions,Boundaries,H
4a90a978,c94d0117-bc9c-470c-9921-5ab8d5bc08df,Standard English Conventions,"Form, Structure, and Sense",E
59e41600,b3e7ba8c-d31f-496c-8cd1-b3c29409a807,Standard English Conventions,"Form, Structure, and Sense",E
eb03096e,c99ab588-0747-4b82-ae2e-d8a46f360a23,Standard English Conventions,Boundaries,E
d75d57a0,1994ba6f-374f-4566-a712-99b952ed2646,Standard English Conventions,Boundaries,E
a427a52c,4b0deb5a-da7b-494d-a3f2-347dc606dfed,Standard English Conventions,Boundaries,M
6997261f,45ea795f-d4f5-4fbc-bd5c-0406ebd32a52,Standard English Conventions,Boundaries,E
3daf126e,a333fdea-60c1-4c8b-90a3-80312913666e,Standard English Conventions,"Form, Structure, and Sense",H
975eda7c,03651229-f680-4462-944f-a84b59b78759,Standard English Conventions,"Form, Structure, and Sense",E
5ee7fb04,374b6ee6-bd5a-40f9-b43a-ba2c333d1945,Standard English Conventions,Boundaries,H
a12e3b8a,078ae823-534c-4607-b015-b820dc16b66d,Standard English Conventions,Boundaries,M
c04e9136,cea96fdd-ebbd-442a-8b87-1b4e0568d15c,Standard English Conventions,Boundaries,M
588887b9,58ceaace-6b30-4c79-a30a-16ae42c6a122,Standard English Conventions,"Form, Structure, and Sense",E
c49e946e,58385fcc-c386-4743-8021-f2d3c14f8b66,Standard English Conventions,Boundaries,H
6d247c13,564abc36-ce43-4c8b-a08b-694a067c2f1d,Standard English Conventions,"Form, Structure, and Sense",E
fe41f258,f960db6c-ca24-4344-9627-af95fbefd793,Standard English Conventions,Boundaries,M
4c06427b,55a50719-bfd8-4a72-9dca-7309481492bb,Standard English Conventions,"Form, Structure, and Sense",M
81f09e07,d679edb0-8a6b-44bb-9ae3-78407013c7e9,Standard English Conventions,"Form, Structure, and Sense",H
8790d061,c8a945e1-d008-4cac-a824-603075e8000d,Standard English Conventions,Boundaries,M
8a264a54,a760f97a-cad4-405b-85a2-3ddd2319a971,Standard English Conventions,Boundaries,H
9902d2de,c9e6835c-2255-4929-b4da-6fc380ba028c,Standard English Conventions,Boundaries,E
1c65db8f,0e4cc810-98b3-497e-b9cd-7415d29d1aef,Standard English Conventions,"Form, Structure, and Sense",H
cd2443c0,8a266ac5-b158-488c-95a5-77d25a72d299,Standard English Conventions,"Form, Structure, and Sense",M
e44db0a0,c0b5edb8-e40b-4eba-8f91-86f2ded380f2,Standard English Conventions,"Form, Structure, and Sense",M
64a40675,064399ea-9935-485f-8710-e93223bc074b,Standard English Conventions,Boundaries,E
b8e13a74,f3591c75-f613-4bdc-a206-484513e1f5e0,Standard English Conventions,"Form, Structure, and Sense",M
265e7f4c,8fd2d194-8701-43a6-b098-7393b886f656,Standard English Conventions,"Form, Structure, and Sense",E
d222f7d9,928ce2c4-f5f3-415f-943e-0728649989ed,Standard English Conventions,"Form, Structure, and Sense",H
96e5da01,68710ed9-7d5e-4481-a404-a05d65bf8a01,Standard English Conventions,"Form, Structure, and Sense",E
2c4cd76d,ff4421fe-618a-4297-8a59-b8563e9330ce,Standard English Conventions,Boundaries,H
12bd5b75,5f1c6db1-57fc-46f3-9c97-1b9bb3e6c25e,Standard English Conventions,"Form, Structure, and Sense",E
3ed5ebb4,b26aaabd-9fc6-4b06-be2b-c5769258d1f3,Standard English Conventions,Boundaries,M
67614549,3488a4f0-8e4c-4665-b117-1c6b4757dd9f,Standard English Conventions,"Form, Structure, and Sense",M
78b88c04,244cf997-b270-4a5d-8ae4-1182edf85856,Standard English Conventions,Boundaries,H
d1482e27,640f84ff-2e95-4663-a2b0-f76527045992,Standard English Conventions,"Form, Structure, and Sense",E
9f0ac61d,415cb7f4-e324-4f77-b0c2-e3968e90bc06,Standard English Conventions,Boundaries,E
bd11fe93,10ef5b9a-13eb-4311-bb29-32c9736b5614,Standard English Conventions,"Form, Structure, and Sense",E
