questionId,externalId,topic,subtopic,difficulty
ac472881,ad6cdfd4-4643-45b2-b72d-0602fb30ce1c,Algebra,Linear equations in one variable,H
3f5a3602,c240c048-e272-462b-b645-1751de050cdd,Algebra,Systems of two linear equations in two variables,H
3d1070c9,f1332d3b-a308-4640-95e0-cae936826d8d,Algebra,Linear functions,E
002dba45,65ac5dc5-af25-4ecf-8562-a346047750a6,Algebra,Linear equations in two variables,M
edc1b7b7,d384e4e9-870d-4026-ba15-b7eb23e0c5fc,Algebra,Systems of two linear equations in two variables,H
f224df07,022222-DC,Algebra,Linear inequalities in one or two variables,M
fa80893a,ad73f33e-e2f7-442f-9463-281f925a0111,Algebra,Linear equations in one variable,E
bd9eb2b5,bfbc2147-51fa-4780-a273-d0cf88011d1c,Algebra,Linear functions,E
1480dd5c,0478e0b5-4347-4ca3-81d3-9d8f3d89e005,Algebra,Linear functions,E
3008cfc3,83c4d031-e8f1-4415-8c6c-33d11d65e85b,Algebra,Linear equations in two variables,H
0d6ab461,df1e58e8-b763-42a1-a3e2-b70a4bac09d5,Algebra,Linear functions,E
4becad44,031d354d-96ee-46e5-b453-c0be0ad459d5,Algebra,Systems of two linear equations in two variables,H
d1b66ae6,070615-DC,Algebra,Systems of two linear equations in two variables,H
cb8f449f,10551-DC,Algebra,Systems of two linear equations in two variables,M
3409707e,67838907-7e84-4f9a-bb16-0c54fe5e5232,Algebra,Systems of two linear equations in two variables,E
520c8177,31182667-4cd9-4dea-af99-85f88f84bfa1,Algebra,Linear functions,E
88e13c8c,07aee0d5-9ae6-4612-bbac-cad96d3eb3dd,Algebra,Linear functions,E
744ee7d7,958773bf-26fe-4198-be5a-f4626cd9abdb,Algebra,Linear inequalities in one or two variables,E
3cdbf026,029556-DC,Algebra,Linear equations in two variables,H
00723d16,2b8c0dff-e373-422a-a150-3f281e461330,Algebra,Linear equations in two variables,H
ff501705,5c09d547-9da9-4b9a-a436-ddc8c0c70764,Algebra,Systems of two linear equations in two variables,H
8c5e6702,1a8089dd-7f49-40bb-9cf4-9d9040daa84f,Algebra,Linear functions,H
2937ef4f,05397-DC,Algebra,Linear equations in one variable,H
548a4929,77e2c729-a66a-47de-9258-130399ad202e,Algebra,Linear functions,M
0adbe034,85789084-6a50-4310-ae89-d2067332bac0,Algebra,Linear equations in one variable,E
9bbce683,7e535b93-6192-4963-87af-547e39bbdfcf,Algebra,Linear equations in two variables,H
2b15d65f,025812-DC,Algebra,Linear functions,H
e25f0807,b09c918e-97c2-4a8b-9406-9ed217790fb4,Algebra,Linear functions,H
686b7244,d4043654-05ea-4067-80ff-0c1687134c44,Algebra,Linear equations in two variables,H
b86123af,08086-DC,Algebra,Systems of two linear equations in two variables,E
3a3b95df,84994068-0631-49ef-ae80-b174172efcd3,Algebra,Linear functions,E
1b1deebe,ab4fb25b-f569-45af-8536-c3264af6ff16,Algebra,Systems of two linear equations in two variables,H
187f74bc,1d304c65-24af-42b6-8e40-4d50c7613f47,Algebra,Linear inequalities in one or two variables,H
ee846db7,0b8822c0-8322-4969-8780-d3d067076d46,Algebra,Linear equations in two variables,E
baca4a4c,f2ee68d6-91e0-4510-a278-ad0aa7e1153c,Algebra,Linear equations in one variable,E
5b8a8475,451c1b50-026a-4bad-96b2-c090526934bf,Algebra,Linear equations in two variables,E
cfe67646,deb03694-cf78-40ff-a84f-f782eba08ba4,Algebra,Linear inequalities in one or two variables,E
608eeb6e,632affe2-9dad-466c-b099-d98aa7c13b20,Algebra,Systems of two linear equations in two variables,E
be9cb6a2,d70b4faa-5ce1-4664-ae31-432dc125273a,Algebra,Linear functions,H
097e10f5,c57e37c9-32b5-4879-b56c-ae8aec1a46fc,Algebra,Linear equations in one variable,E
1a1a95de,43b52d01-006d-4dbc-b7a8-3187b73ccbce,Algebra,Linear equations in two variables,H
84664a7c,015564-DC,Algebra,Linear functions,E
e62cfe5f,070611-DC,Algebra,Linear functions,M
b0fc3166,950dd818-fa5e-4231-b816-a13da78257e9,Algebra,Systems of two linear equations in two variables,E
9b886541,8076db82-ac6c-4ac2-a6b7-46a9a4b4059b,Algebra,Linear equations in one variable,E
465c73ad,c33a8ce0-debc-4709-b0d7-3f1800613186,Algebra,Linear equations in one variable,E
db422e7f,6e2c4ed8-a7d5-4552-bdd7-42223af298ea,Algebra,Linear equations in two variables,H
590f2187,7ea2442b-48e4-447b-a75d-c1614b613123,Algebra,Linear equations in one variable,E
01682aa5,ab826e08-7891-4957-94db-0152ef740dff,Algebra,Linear equations in two variables,M
9b0a4eae,4d7cd4c5-d45b-40fb-8391-76021972ba43,Algebra,Linear equations in two variables,M
7fac16fb,3e4d926d-83f1-4d65-87c3-c5889ee7bfa4,Algebra,Linear functions,E
f2b63f49,55b379da-d6e2-4c9e-857d-8da822c1d1fa,Algebra,Linear equations in one variable,E
45cfb9de,09274-DC,Algebra,Linear inequalities in one or two variables,H
06fc1726,08176-DC,Algebra,Linear functions,E
05417146,208ae094-8f06-4329-9993-51169b92549f,Algebra,Linear equations in one variable,E
e3cf671f,0d590b1e-c165-452b-bd68-2c7ae4a0a55d,Algebra,Linear functions,M
571174f3,f55f83d0-fd97-488f-9f5c-014bc1e34d9c,Algebra,Systems of two linear equations in two variables,H
e723bd67,f945d185-c981-4580-acc0-7976d9988dbb,Algebra,Linear inequalities in one or two variables,M
6863c7ce,a58102d0-5605-4f3b-91b2-44ba46a14ee3,Algebra,Linear functions,E
979c6ebc,5c0525ca-3f74-406b-82bd-232050622e14,Algebra,Systems of two linear equations in two variables,H
51aabd93,bcd38cac-e6c1-411f-ae0b-50e4ae48adc1,Algebra,Linear equations in one variable,E
a5834ea4,513fd8bd-86d1-4102-aea1-0a8bc65de5dd,Algebra,Linear functions,M
f14484a5,0d482312-5261-43da-8a42-d4ab593d0949,Algebra,Linear equations in one variable,H
b52e5b6f,db170278-9037-413e-b5e2-ed81bbf21899,Algebra,Linear equations in two variables,E
0b332f00,fa992b50-1873-43ba-8b60-8c6d6bdc7bcc,Algebra,Linear functions,E
349a5bc1,0aa2936b-88d9-4e8d-a776-486d5d1f93ba,Algebra,Linear equations in one variable,E
c10ad793,72165a25-0c05-4d08-b575-bdacc4a3d7fe,Algebra,Linear functions,E
bf4a8b6a,f02c7424-034b-4774-b41c-847249027a2e,Algebra,Systems of two linear equations in two variables,M
0451d754,ac7b345b-6b45-4f69-945c-5e7e16ca8909,Algebra,Linear equations in two variables,M
797a81fb,7f109a34-c477-4f2b-9704-3ccd5306ad84,Algebra,Systems of two linear equations in two variables,H
4f1342d6,e07c6477-a704-4fb6-8142-4f45390607dc,Algebra,Systems of two linear equations in two variables,H
7e3f8363,f44d3920-a7ed-4c31-815c-11dbfe887d43,Algebra,Linear functions,M
cdec4c87,d9637287-6236-4171-8284-30cfa0ba9e23,Algebra,Systems of two linear equations in two variables,E
d11910d6,c300a207-fa7b-4c25-876b-37c0579a9bff,Algebra,Linear functions,E
0eae6be1,2050beca-5f4f-41a5-92ca-3fcf29a6cc77,Algebra,Linear functions,E
361f97c7,bd9c2702-bba2-4f95-a9c2-d109cfd98cc1,Algebra,Linear functions,E
447fa970,077b3b36-9acc-43fd-842b-44f85e95f12f,Algebra,Linear functions,E
3dffe9d2,f7cecf09-36cf-4934-b397-765b7be1e77c,Algebra,Linear functions,E
0dd6227f,07807ef4-fe53-474a-92e4-59c6ea6c579e,Algebra,Systems of two linear equations in two variables,M
9e5863bd,1d4cae8e-913c-4a09-b279-259bf349f1f5,Algebra,Linear inequalities in one or two variables,M
842cec4d,182f4a98-459c-4659-9484-08aa8d678af0,Algebra,Linear inequalities in one or two variables,E
6105234d,2870e625-1e5c-4b4d-be09-4cc08fc8d83b,Algebra,Linear equations in one variable,E
7efe5495,dce39b31-9110-4b75-93ff-5d7da57a6adc,Algebra,Systems of two linear equations in two variables,M
4edecdba,e3d6b3f4-d0ec-46bc-b1d7-45b9bfe60aae,Algebra,Linear equations in two variables,E
2c121b25,09101-DC,Algebra,Linear inequalities in one or two variables,E
83f2c3bf,affdca44-b865-4102-a2b3-d54b3337bd47,Algebra,Linear equations in two variables,E
27198699,1899a900-ac1b-40ac-a96b-d24684c6d46b,Algebra,Linear functions,E
00ec9102,0fd50277-112f-40b1-b403-c45b8c0bef89,Algebra,Linear inequalities in one or two variables,E
f305b5ca,4d9de101-04d3-4a9b-96ae-eef85f72bd23,Algebra,Linear equations in one variable,E
1087f6c4,02a67ccb-75a5-4787-89d5-0516399af231,Algebra,Linear equations in two variables,M
b5f62071,f1fcd45c-00d6-4477-bbcd-75ebc3cfc227,Algebra,Systems of two linear equations in two variables,H
4d8ccb96,fb1fc3f7-9487-4a08-841a-d7c028989341,Algebra,Linear equations in two variables,E
c50ede6d,be93eda4-1b01-4cb3-9e00-0859362e1713,Algebra,Linear inequalities in one or two variables,E
c1bd5301,ef6e2e6b-9410-44c5-86c6-4cce2bdace80,Algebra,Linear functions,M
b23bba4c,025553-DC,Algebra,Linear equations in two variables,E
24854644,cc275a34-d420-4dc2-8b26-a526a2d95c32,Algebra,Linear equations in two variables,E
71189542,09372-DC,Algebra,Systems of two linear equations in two variables,M
9d4270fe,8e8223b7-2824-48a9-a122-1abf78976190,Algebra,Linear equations in one variable,M
dba8d38a,020079-DC,Algebra,Systems of two linear equations in two variables,E
64c85440,022207-DC,Algebra,Linear inequalities in one or two variables,M
0c541d87,c470d4b9-a5d3-44e7-9e33-d10b5151dcde,Algebra,Systems of two linear equations in two variables,M
87322577,08464-DC,Algebra,Linear equations in two variables,E
5c94e6fa,214d64ec-0e1a-4a3f-8fcb-73b3eecf4a6b,Algebra,Linear equations in one variable,E
a130fcdc,14b71de8-edf5-4dc4-a0fe-e77ab51f082f,Algebra,Linear functions,E
7a5a74a6,028955-DC,Algebra,Linear equations in one variable,M
f5563c26,5f351eb6-67ee-4ee2-a604-17867c3570b7,Algebra,Systems of two linear equations in two variables,E
38bf4e04,033d8e6a-f7e5-456a-b3ab-38b7ad87a27d,Algebra,Linear equations in one variable,H
e6545fa8,2b87b482-ed79-4f52-87e1-3cd4aec4b340,Algebra,Systems of two linear equations in two variables,E
b7e6394d,05364-DC,Algebra,Linear equations in one variable,H
3c03cbd8,7ebcee2e-7a57-4d43-ae10-fe0a44f7791e,Algebra,Linear equations in two variables,M
0b221d05,efb5e6bb-bcbd-403b-9d21-1e079c979104,Algebra,Linear inequalities in one or two variables,M
7625073d,6b671d8f-d733-464f-b0d9-9d825d5fd66c,Algebra,Linear equations in two variables,M
bf36c815,027789-DC,Algebra,Linear functions,E
c5e38487,e4e2c39c-307d-411e-a829-b1a79fa0bee3,Algebra,Linear equations in two variables,M
968e9e51,032729-DC,Algebra,Linear inequalities in one or two variables,M
9f3cb472,803e7a6a-e220-4562-862c-82f2d02fcb7f,Algebra,Linear equations in two variables,M
aa85b138,028876-DC,Algebra,Linear equations in one variable,M
15daa8d6,a24605a1-dcc2-4d33-8f1f-a5e3f3904603,Algebra,Linear equations in one variable,M
d7c8ba0b,f33b0055-46c2-4d92-8dbc-03f057ed1886,Algebra,Linear equations in two variables,M
2f0a43b2,67336474-3a8f-4702-9694-98a3abdcc31a,Algebra,Linear equations in one variable,E
ebf8d2b7,afbd028c-6ff7-478a-83f7-9d7942bf56c6,Algebra,Linear equations in two variables,E
997bec28,2ed3a51e-14c9-41a5-8246-b0df7d098ee8,Algebra,Linear equations in one variable,E
40ba6288,d08114ae-ef2f-4e5b-a0ef-67d3bb996aa9,Algebra,Linear equations in one variable,E
12ee1edc,027743-DC,Algebra,Linear equations in one variable,M
6fa1dc0f,b0517abf-3415-4fde-bf1b-cc79e78acc97,Algebra,Linear equations in two variables,E
c6b151d4,aaebe46b-7143-4bb9-ae10-3f9ce2a0fbcb,Algebra,Linear equations in two variables,E
99ea3715,9ac48e4f-1444-4974-8049-572f31e5ed81,Algebra,Linear equations in two variables,M
0d391910,6aba0416-d25e-4a28-b655-c5623b3b71c0,Algebra,Linear functions,E
ee439cff,816cb6b4-6796-4c47-ae29-2ccb52e5c8ab,Algebra,Linear inequalities in one or two variables,E
ee2f611f,05431-DC,Algebra,Linear inequalities in one or two variables,H
8c98c834,023151-DC,Algebra,Linear equations in two variables,E
563407e5,06905-DC,Algebra,Linear inequalities in one or two variables,E
25e1cfed,98dc96db-8257-4f49-95af-515712d5e4e3,Algebra,Linear equations in one variable,H
38a43902,4754b73c-5377-41de-93c1-d49dd784c2c0,Algebra,Systems of two linear equations in two variables,M
930c2990,af90e68d-767f-4f40-82c5-58dbdc93234b,Algebra,Linear functions,E
317e80f9,f0975e35-afbb-4d74-9091-7a06a2bf4d03,Algebra,Systems of two linear equations in two variables,E
3f5375d9,020326-DC,Algebra,Linear functions,E
fdee0fbf,029630-DC,Algebra,Linear equations in two variables,H
541bef2f,57e960ad-dbb1-486d-9f07-1da462789c42,Algebra,Linear inequalities in one or two variables,H
620fe971,14854-DC,Algebra,Linear functions,M
6a87902f,5c64450d-1ff5-486d-bc37-e47fa80d2f7d,Algebra,Systems of two linear equations in two variables,M
b2845d88,016625-DC,Algebra,Linear equations in two variables,E
f75bd744,386cf16e-ddc8-4613-85b9-de02ba844834,Algebra,Systems of two linear equations in two variables,H
d0e614a6,3e65e30b-6f1f-4e34-9ac7-2f2019988ed3,Algebra,Linear equations in two variables,H
17d80dc3,6033a1e4-007d-42e9-ada3-25ad35a47e81,Algebra,Linear functions,M
1d18794b,821016f4-912a-4737-9916-2b5d5ea434a3,Algebra,Linear functions,E
b450ab03,7d5c4716-5975-4df0-abca-00aaa9789ed0,Algebra,Linear equations in two variables,E
b3abf40f,ea18109c-11ea-4e1e-a907-b4a77b4a93e1,Algebra,Linear functions,H
6ac23de7,08682-DC,Algebra,Linear equations in one variable,E
1c29bfd1,17c37dcf-800e-41d5-8367-1ccfbfa33af2,Algebra,Linear functions,M
dd875c97,ea1a5afe-c544-44e2-a9c7-b0921f19d7a7,Algebra,Linear inequalities in one or two variables,M
6e6a3241,022962-DC,Algebra,Systems of two linear equations in two variables,M
e6cb2402,e9630635-49ff-4317-9dc7-81fb2b4d2e19,Algebra,Linear equations in one variable,H
e470e19d,f0bbaf49-87a8-4fb3-b54f-eadea2dca1a9,Algebra,Linear functions,M
af711d1b,6bf54304-ff33-4fc3-8ab3-b9c8c115f618,Algebra,Linear functions,M
f7e39fe9,b64bd9d3-56b1-45f6-b301-f29dfd4eb579,Algebra,Linear functions,M
4a090a46,43bbec1d-b28f-43e6-89b0-1582a7e5c4a3,Algebra,Linear inequalities in one or two variables,E
415ab1d2,2d19a50f-046d-44a2-92f8-a10cf81a3e3c,Algebra,Linear functions,H
aff28230,0fe484a0-8389-4fe5-93dd-5d56c07a7c9c,Algebra,Systems of two linear equations in two variables,E
f5929f7a,b992e5d3-e84d-4c00-86c0-75f34b0c6f14,Algebra,Systems of two linear equations in two variables,M
6c71f3ec,7e2ec609-ff10-4d96-85a3-7a8db042e0c0,Algebra,Linear inequalities in one or two variables,H
e9908930,c16f36d3-645b-4e76-856d-2cc2c923b53c,Algebra,Linear functions,H
7392dfc1,05768-DC,Algebra,Linear equations in one variable,E
51568fb9,e7a189d8-ea3e-4bf1-b0c2-bb03d3f29337,Algebra,Linear equations in two variables,M
9aaf7786,d4f91dd3-90d3-4caa-a259-64740bd3f7e3,Algebra,Linear equations in two variables,H
93954cfa,07141-DC,Algebra,Linear equations in one variable,E
5cf1bbc9,d243de3a-1370-41b8-a350-5396b80263a0,Algebra,Linear functions,M
74c03c21,20220edf-4df0-47cb-bce6-798d01c48907,Algebra,Systems of two linear equations in two variables,M
9c7741c6,029899-DC,Algebra,Linear equations in two variables,M
b51c173d,ec93b358-6d54-4c6a-9e2b-fac8a57da030,Algebra,Linear functions,E
68f2cbaf,d9aed3a1-8247-4847-89fd-1c615ddd8b29,Algebra,Linear inequalities in one or two variables,E
8abed0fb,027122-DC,Algebra,Systems of two linear equations in two variables,E
e1259a5a,026145-DC,Algebra,Systems of two linear equations in two variables,E
c81f1c2f,9a75850f-42ca-4792-94aa-fe7d5258a84c,Algebra,Linear functions,M
4047cfa7,782fda69-e7ad-4084-b602-feec64776b52,Algebra,Linear inequalities in one or two variables,E
4702da8f,0bd2a2ec-0bbd-4cd3-a37f-8e35808487c2,Algebra,Linear functions,E
018a2704,0964937e-bca9-49a1-ae3a-255505993ab8,Algebra,Linear equations in one variable,M
b988eeec,839b7fb0-37a1-46d9-9dce-f3af7e85c97e,Algebra,Linear functions,H
3d04de9c,5b069676-b4f1-4f88-aa86-55183f3f0055,Algebra,Linear equations in one variable,E
70feb725,029548-DC,Algebra,Systems of two linear equations in two variables,H
8a87c2c8,4d15e7be-e330-43ce-90bb-537310380c04,Algebra,Systems of two linear equations in two variables,M
60f71697,0f1aa9d1-12d4-4e22-b2aa-c753912a2a2e,Algebra,Linear equations in one variable,E
9a216c0f,1fe5014a-3025-473b-a798-53f9ceab24bd,Algebra,Systems of two linear equations in two variables,M
13294295,a55ac55e-cf83-490d-9ed1-3e835edb8412,Algebra,Linear functions,E
0d5495a6,b4b8b378-61b2-456e-8bc3-884fa80f6a40,Algebra,Linear functions,M
ed92fb68,11158-DC,Algebra,Systems of two linear equations in two variables,M
6ba39da5,a94ddb79-a5ea-48b4-ac01-838bf92d16fb,Algebra,Systems of two linear equations in two variables,M
33e4af6b,e35017e8-7f1b-42e1-a7bd-e47cb7628320,Algebra,Linear functions,E
bbb0359a,10508e20-26b1-4e5b-8b38-3ab2f8695a5f,Algebra,Linear equations in two variables,M
606cdce7,efb2f017-fd60-4d55-aa5b-bf7aa344524d,Algebra,Linear equations in two variables,M
1a621af4,c72f11a1-3ee5-4aee-a4eb-ef3be78817bb,Algebra,Linear inequalities in one or two variables,H
3e9eaffc,83a73190-62d2-4465-82e0-b6794ffbddf6,Algebra,Linear functions,M
483d208d,3567f63b-262e-4925-aa9a-31ab8da38bd7,Algebra,Linear equations in two variables,M
af2ba762,09335-DC,Algebra,Linear functions,H
19fdf387,14931-DC,Algebra,Systems of two linear equations in two variables,M
a775af14,3ad33584-7909-480c-b2c2-e9092550290d,Algebra,Linear functions,M
9551cd91,022bc7aa-cc1a-41cc-8856-f626e8d243ac,Algebra,Linear functions,M
db0107df,63b423d6-d760-4ccc-974a-f9ad2904f1e9,Algebra,Linear equations in two variables,E
b8fa27db,d57fb5b1-3f4b-4846-927d-9d44e8d5aa05,Algebra,Linear equations in two variables,E
b9835972,155657c1-cb62-489d-b3be-d87bbbf5aada,Algebra,Linear equations in two variables,H
7b17f86a,68357233-11ec-44c6-882e-eb8bb84450eb,Algebra,Linear functions,E
ebd457f4,74ab7488-2efa-4e42-86ec-970c72177393,Algebra,Linear functions,M
e0f59119,2f6fe99e-a285-4b30-b61f-c4864a95e6e6,Algebra,Linear equations in two variables,M
d1f50dbe,5904d2e1-1ae5-40cf-915f-050b6b6d3111,Algebra,Linear functions,H
6c5c2a81,47f92079-253b-46b3-a924-90dc197bbd5c,Algebra,Linear functions,M
adf60b28,27ae61df-4f9b-484e-84cb-efeecdfbdc47,Algebra,Linear functions,E
df32b09c,09378-DC,Algebra,Linear inequalities in one or two variables,E
e1248a5c,05435-DC,Algebra,Systems of two linear equations in two variables,H
b8cbe394,49a43146-5d4a-4013-b46e-e0aa9a32fd1d,Algebra,Linear functions,E
05bb1af9,658ecb3f-b141-4d7a-abcb-105abef728e2,Algebra,Linear equations in two variables,H
cc7ffe02,a44626e2-3239-48f1-90f6-145e3b8b2c54,Algebra,Linear equations in two variables,H
86f7483f,dcb9ea1e-c069-4c4c-92f7-b7633bfd6904,Algebra,Linear inequalities in one or two variables,E
dae126d7,029018-DC,Algebra,Linear functions,M
bf5f80c6,4e92e788-6fae-4f7c-a838-84939a7bdd2f,Algebra,Linear inequalities in one or two variables,M
12983c1e,05103-DC,Algebra,Linear functions,E
aeaba0b6,ce1f679e-3746-457e-9ae8-995927d4a604,Algebra,Linear functions,E
8368afd1,1f20ceb9-1f8d-417b-b1f8-a18ac789333a,Algebra,Linear equations in two variables,E
70d9516e,4c2cb31a-9ec5-40cc-863d-4baac298c63b,Algebra,Linear functions,E
1362ccde,96dd952c-8f39-4328-a087-4989624fb279,Algebra,Systems of two linear equations in two variables,H
720e51ac,d37f3f28-86cf-4511-ab8e-f7639eafd76a,Algebra,Linear functions,E
4de87c9a,d4e10666-e119-46af-8dba-a8d527aeca75,Algebra,Linear equations in one variable,E
52cb8ea4,029346-DC,Algebra,Systems of two linear equations in two variables,H
c307283c,0d9d21e3-8ce9-45b7-b90e-60ee11a2b37c,Algebra,Linear equations in two variables,M
4e97f862,b5527b99-0bdb-46d2-9513-73a5fae75276,Algebra,Linear functions,E
8adf1335,032760-DC,Algebra,Linear equations in two variables,E
a0489274,cb6510bf-691c-4361-8c92-372e7946de91,Algebra,Systems of two linear equations in two variables,M
9db5b5c1,2afd7270-62a5-4b7b-9b32-31529be1acdd,Algebra,Systems of two linear equations in two variables,E
3174f07d,b057ae02-4dbf-4141-afa7-c0784af1f5b2,Algebra,Linear functions,E
80da233d,028905-DC,Algebra,Linear inequalities in one or two variables,M
271f7e3f,022313-DC,Algebra,Linear functions,M
70e29454,08050-DC,Algebra,Linear equations in one variable,M
7866a908,b07eee5e-2b48-42ca-9bdf-9cdd01089b62,Algebra,Systems of two linear equations in two variables,H
12b04e68,8cb965d3-c0cb-4549-8b51-5decc372d910,Algebra,Linear equations in one variable,E
e7b6f0d1,7084509a-2eca-4996-a36e-1e7ed19fdd12,Algebra,Linear equations in one variable,E
b78cd5df,a19c43f7-f093-4542-805a-9d67d7af0efa,Algebra,Linear inequalities in one or two variables,M
72a5fd28,784ebc69-0579-465e-9969-ad19889a3bd4,Algebra,Linear inequalities in one or two variables,E
0b46bad5,029477-DC,Algebra,Linear equations in two variables,H
b31c3117,028867-DC,Algebra,Linear inequalities in one or two variables,M
f79fffba,d3019424-6572-4d26-990d-bc85bde91bda,Algebra,Linear functions,E
7d5d1b32,c17521a8-2834-4b36-9f1a-dca9bf6e906d,Algebra,Linear equations in one variable,H
e7343559,a63a0a09-9923-4dab-b757-04fffd0b40b1,Algebra,Linear equations in two variables,E
f09097b1,070609-DC,Algebra,Linear equations in one variable,M
a9039591,79c4d360-5538-4b1d-992c-a822445814d8,Algebra,Linear functions,E
c362c210,070612-DC,Algebra,Linear equations in two variables,H
ee7b1de1,3e613a2d-72f8-4e08-8fce-8abf51849968,Algebra,Linear inequalities in one or two variables,H
bf749912,4f88a160-8333-4005-8a92-1ba7b2c74b99,Algebra,Linear equations in one variable,M
c17d9ba9,f74b2e01-3db6-4f1e-ab96-71e8146de67d,Algebra,Linear inequalities in one or two variables,M
d1042cf8,70115054-fb11-47dc-8abe-e8208d6f27f6,Algebra,Linear equations in two variables,E
768f3b7c,0741234a-eaa5-4593-8dae-f0666e86a222,Algebra,Linear equations in two variables,H
94b48cbf,c6aceeba-b507-44a2-bc31-9beb10096c93,Algebra,Linear equations in two variables,H
c5082ce3,04476-DC,Algebra,Systems of two linear equations in two variables,M
8339793c,b80105ad-11a3-443a-9dc8-51472ba42bbf,Algebra,Linear equations in one variable,E
2e0290c3,64377d96-584c-4863-b696-51d7230fc57d,Algebra,Linear equations in two variables,M
dd797fe2,023185-DC,Algebra,Linear equations in two variables,E
45a534d0,64207213-df09-436f-aeeb-a588aafa2b18,Algebra,Systems of two linear equations in two variables,H
550b352c,020349-DC,Algebra,Linear equations in one variable,E
a396ed75,6c1cdc06-5eb3-4cb5-bca2-3f5aa2c8be38,Algebra,Linear functions,E
50f4cb9c,f3a8f6e5-3640-4af9-a194-e13afbea670e,Algebra,Linear functions,H
87071893,f815b832-89ea-4f49-bc05-5f5c25cdb59f,Algebra,Linear equations in one variable,E
b00ad7f2,7f5e8f0d-75c3-4c2d-ac2a-90f3c586f44c,Algebra,Systems of two linear equations in two variables,M
ca9bb527,648f6724-1596-45f8-99c7-238a1a0648f9,Algebra,Systems of two linear equations in two variables,E
16889ef3,09384-DC,Algebra,Linear functions,H
c651cc56,05013-DC,Algebra,Linear functions,M
ecca0603,11f59d23-4e47-4f74-a94f-f3e9b7f2a2fd,Algebra,Linear inequalities in one or two variables,M
79cf8505,c754edce-0af7-420c-8fc5-0e5f0cd80b73,Algebra,Linear equations in one variable,M
adb0c96c,e8d1c0cc-b06d-4425-92fb-3beba3af4800,Algebra,Systems of two linear equations in two variables,H
b4553284,9df9861f-e14c-45b9-be5c-1d9bb6fbafba,Algebra,Linear equations in one variable,E
c22b5f25,025468-DC,Algebra,Linear functions,M
e4a588ca,f2255d61-7225-4d95-b076-0e4c0d8b749d,Algebra,Linear functions,E
6cb9bf45,9573f0d5-f412-4ea3-a39b-2aac8d125f34,Algebra,Linear inequalities in one or two variables,M
d7bf55e1,05268-DC,Algebra,Systems of two linear equations in two variables,H
11e1ab81,08375-DC,Algebra,Linear functions,M
771bd0ca,d406296c-cba6-440d-94d6-5bf2accfba2a,Algebra,Linear equations in one variable,H
df78b361,c9e742be-9c93-4d44-8ef4-0c15f7fff17f,Algebra,Linear equations in two variables,M
69f609b2,6d24c78b-537d-4e65-8a41-211301b6c972,Algebra,Linear equations in one variable,H
2e379126,6256e60f-a07b-4308-a386-94ecb7e20908,Algebra,Linear functions,E
80ae6851,2c79adc0-8360-4810-80d7-655a0eb1e8f9,Algebra,Linear equations in two variables,E
4fe4fd7c,028813-DC,Algebra,Linear functions,M
979b0b8d,545e9160-249b-4bdc-a5ec-c8c9e6fc08d6,Algebra,Linear functions,E
789975b7,05414-DC,Algebra,Linear equations in two variables,E
a309803e,700cd854-082d-4c3c-a2da-017482d48062,Algebra,Linear functions,H
c41e5688,152bfbd0-fbd2-4c10-81d1-98eb01d4d386,Algebra,Linear inequalities in one or two variables,M
55ea82f3,ceb288c3-af1c-43f5-a67d-ef140ccf15e3,Algebra,Linear inequalities in one or two variables,H
cea27ab2,992a511e-c690-479d-bab1-f58211e97302,Algebra,Linear equations in two variables,E
a049f400,4761cfd8-02ac-4622-bea3-45afe1718e1e,Algebra,Linear inequalities in one or two variables,H
e006209c,a0522055-0d67-4148-a6b2-7e78be641a3b,Algebra,Linear inequalities in one or two variables,E
bf883fde,b7b056ed-d7cc-4901-9a1b-f261a1455bee,Algebra,Linear functions,E
0d1b1e35,cd071339-36d3-4977-8ff2-863f8066f9ed,Algebra,Linear equations in two variables,M
2554b413,025936-DC,Algebra,Linear equations in two variables,E
5bf5136d,176e3a8c-9f87-406f-a76a-01267378721c,Algebra,Linear inequalities in one or two variables,H
79be5180,b1b506b9-ecab-4a7d-9043-cf9ca8ba8099,Algebra,Systems of two linear equations in two variables,M
620abf36,ff27b3f5-a00f-4258-b4c6-8f41c7c06bf0,Algebra,Linear equations in one variable,M
d62ad380,08073-DC,Algebra,Linear equations in two variables,M
2f34cd1c,d9f57fdb-9af6-41d0-9c42-2de71bdeab1f,Algebra,Linear functions,M
ed18c4f7,06911-DC,Algebra,Linear equations in one variable,E
52a8ef85,7a8622f4-3e4b-4373-a170-e62a46579a04,Algebra,Linear equations in two variables,E
3462d850,08832-DC,Algebra,Linear functions,E
0d685865,a7ee5a49-de3b-4c5b-a46e-d593e051326d,Algebra,Linear equations in one variable,E
fe6f9678,1a57825e-d5a2-43a1-ad8c-be3b91a796de,Algebra,Linear functions,E
12255364,87d05c33-deec-41ec-8d9c-f0a0094beae6,Algebra,Linear equations in one variable,E
b82a943c,1da5e7f6-df74-4a25-9976-1f105af7942e,Algebra,Linear equations in one variable,E
092ad67d,a18ef7d1-8bbd-459a-93cc-e4df62df2c1a,Algebra,Systems of two linear equations in two variables,M
eac739b2,f3aafaa2-b75f-4b93-a443-b88b79f2a8b1,Algebra,Linear equations in one variable,E
3122fc7b,1f9e0de2-d5a7-4f67-9e59-62315da247f3,Algebra,Linear functions,M
d9733ed9,51deab81-34e8-49ee-b5a8-f1a85ae8f283,Algebra,Linear inequalities in one or two variables,M
ba79f10f,54986bed-7fc7-4f46-a3c6-d49d4fe54080,Algebra,Linear equations in two variables,E
36fd6752,3bd8d2aa-c0a4-4f79-8d4e-5eb3b5c814f0,Algebra,Systems of two linear equations in two variables,H
2e98b1df,96677815-bb45-424b-a4e5-ec40dbe43bb8,Algebra,Linear equations in one variable,E
d9d83c02,10931-DC,Algebra,Linear equations in one variable,E
59a49431,e0d6d5a3-8965-4022-ac3a-5ec27a3b9e6b,Algebra,Linear inequalities in one or two variables,E
23dedddd,ceae23d4-1965-4201-ac8f-3dbe916cc8e3,Algebra,Linear functions,M
c8fb6bcb,ce40ca76-4f75-4034-9e39-b6c214f31eea,Algebra,Linear functions,M
d909cd31,87828f3a-da5a-4eeb-9cec-04f0ff9e1f97,Algebra,Systems of two linear equations in two variables,M
a91a2b75,0beb2470-2acd-4279-917c-0e0172947d97,Algebra,Linear functions,M
98d3393a,10934-DC,Algebra,Linear equations in two variables,H
f88970cc,680ee560-0171-401e-8a31-87727153a417,Algebra,Systems of two linear equations in two variables,E
56dc8045,06a91641-79ae-4887-9807-53c2c9859f93,Algebra,Linear functions,M
92aa3a94,7840df29-5b0a-4ae4-9fb1-c8f458684f0b,Algebra,Linear equations in two variables,M
da2e9202,a3e37333-8679-4d42-b7c8-1b15541bd74d,Algebra,Linear equations in one variable,E
4f669597,070610-DC,Algebra,Linear equations in one variable,M
3c4ce699,62a3416c-5c61-4965-82b5-d0803a5d0182,Algebra,Linear equations in one variable,E
f2bbd43d,e82ae7c1-3cdb-480b-8a7b-5d3fe9c18b84,Algebra,Linear inequalities in one or two variables,M
9fc31513,9d2c51d3-1801-4e1e-b2f2-9e58978c2f8e,Algebra,Linear equations in one variable,E
ffb371f5,55751ff1-1079-45a7-b117-348b4d276815,Algebra,Systems of two linear equations in two variables,E
0b0fa68b,f268654f-d968-4474-abc8-911195b0c902,Algebra,Linear functions,H
6989c80a,bb4ec6e5-ecea-4bc4-a6d2-40a50bb5e60f,Algebra,Linear functions,H
bc638f2d,a27bd477-cd97-482c-8d5d-ec57f4486fff,Algebra,Linear functions,E
9d9fe1e6,d06b80b0-bba8-4218-bf79-f285777b8fbc,Algebra,Linear functions,E
c4d49134,ddfbf736-4c36-47b1-8e69-a9b951ed1842,Algebra,Linear functions,E
0cb57740,e2acc363-d0b7-4b19-ac43-34982f030a3d,Algebra,Linear equations in one variable,H
ece00725,f0db62a7-74c8-4e51-91dd-8c8b80649a49,Algebra,Systems of two linear equations in two variables,E
255996a6,025529-DC,Algebra,Linear functions,E
a1696f3e,08177-DC,Algebra,Linear functions,E
c01f4a95,acd27116-7079-469e-b599-5c238ac3e563,Algebra,Linear functions,M
dfa45424,025561-DC,Algebra,Linear equations in two variables,E
2e8cc1c0,cb01072a-91f8-4bc2-b74f-51d996629f69,Algebra,Linear equations in one variable,E
431c3038,021851-DC,Algebra,Linear equations in two variables,M
bd45df49,034cf40e-98a7-4817-a3d0-a76cae0faf07,Algebra,Systems of two linear equations in two variables,M
4b0c156b,5c630c81-9ef1-4180-821f-1dd4851610cf,Algebra,Linear functions,M
868fc236,070898-DC,Algebra,Linear functions,M
e0177f5f,ff17c197-f425-42d5-b68e-437f6191b533,Algebra,Systems of two linear equations in two variables,E
79784c23,73c4251e-9b52-43e0-b64c-eafae656c149,Algebra,Systems of two linear equations in two variables,M
e8f9e117,03867-DC,Algebra,Linear inequalities in one or two variables,H
c7d7980e,cab807ab-67ed-464f-a4b2-ece6edb417b6,Algebra,Linear equations in one variable,E
d8539e09,40946085-fbf1-4c4a-977f-931fd79ef80c,Algebra,Linear inequalities in one or two variables,H
ce314070,022123-DC,Algebra,Linear equations in one variable,M
7e1bff94,89816479-b500-4fe9-b80f-8f9fea007b9f,Algebra,Linear functions,M
946ab892,75be103e-3a39-4793-99d5-2ecb57774a84,Algebra,Linear functions,M
a7e2859a,ff095f0f-b8e2-470c-903c-78999ec17213,Algebra,Linear functions,H
feb78194,4b647461-1e29-465f-a480-e7b4dcecc200,Algebra,Linear equations in one variable,M
9f6f96ff,9074f61c-00b0-4492-ab66-501db8f46f38,Algebra,Systems of two linear equations in two variables,M
48fb34c8,f77e335f-77c7-457b-b90f-ba4526c10c28,Algebra,Linear inequalities in one or two variables,H
343aaff6,ab05e5bc-239c-421b-a9ab-056838213249,Algebra,Linear functions,E
f718c9cf,425d30d9-246b-4058-b45c-2e4168f92a0f,Algebra,Systems of two linear equations in two variables,H
6e50ce28,6224ef79-ede3-42e9-82fc-447127d5e27e,Algebra,Systems of two linear equations in two variables,M
915463e0,025455-DC,Algebra,Linear inequalities in one or two variables,E
62ef6f73,2764f11e-ac8f-4a9c-b6b0-db45ba9e4e48,Algebra,Linear equations in two variables,M
cc3e9528,02e0a325-790e-4a20-956c-c646b0e6a227,Algebra,Linear equations in two variables,H
153ee763,9d5bc04d-81bd-4fda-8c78-8c26fa0de2f0,Algebra,Linear equations in one variable,H
89541f9b,04176-DC,Algebra,Linear inequalities in one or two variables,E
2875ba81,05f30aab-94fb-4835-aaaf-c316bafa965e,Algebra,Systems of two linear equations in two variables,M
0ef4a7b6,20d7e793-fc4b-46cb-b6a6-4388c4317d68,Algebra,Linear inequalities in one or two variables,M
6a12efbb,c2ed48a0-96b6-4990-b199-6a704301200c,Algebra,Linear equations in two variables,E
2ecce641,6ef925eb-e107-4c5c-a9ee-a6f89bf6d14e,Algebra,Linear functions,E
265f2a53,d85fc288-4098-4fba-a899-571c900d8231,Algebra,Linear equations in two variables,M
ee031767,08084-DC,Algebra,Systems of two linear equations in two variables,E
4e400635,ac648dfb-04b8-480f-bc41-fe111d3c500c,Algebra,Systems of two linear equations in two variables,M
dcc4886a,f55e2a62-1692-407c-9001-96da7e84f1bb,Algebra,Systems of two linear equations in two variables,M
0cadb20e,cc329e0c-3593-4615-8425-0a35606bd546,Algebra,Linear functions,M
466b87e3,070616-DC,Algebra,Systems of two linear equations in two variables,H
ce6b52d8,ba23c485-785e-419e-b55c-cb7482fba61e,Algebra,Linear equations in one variable,M
83fb222d,9055c207-d1fc-4110-be3c-1ea08fcd52ab,Algebra,Linear equations in one variable,E
aee9fd2d,830cf5a2-7b06-43e1-bf6c-fb7814a69db0,Algebra,Linear equations in one variable,H
6daf8d70,bdad3961-fd1e-41f1-af28-fb816aa8a0b1,Algebra,Linear inequalities in one or two variables,M
84d0d07e,025731-DC,Algebra,Linear inequalities in one or two variables,E
7a987ae4,022240-DC,Algebra,Linear equations in one variable,E
f81a0503,02dc7dfd-b457-45d1-8655-2bcfcc4dfc17,Algebra,Linear equations in two variables,M
0366d965,029626-DC,Algebra,Linear equations in two variables,H
1006cad7,52842d0a-65a9-4a31-89c5-5df2054afc60,Algebra,Systems of two linear equations in two variables,E
570b5a5d,b0266b5e-6f26-496c-81ea-3108b31c0bc6,Algebra,Systems of two linear equations in two variables,H
56e1b09e,8a9230ef-2284-4f11-9f4e-abff1fd55a4e,Algebra,Linear equations in one variable,E
346d5c2e,2a9be9d6-4a3d-4f2e-92ee-f5423d312669,Algebra,Linear functions,E
13909d78,ad28edfc-9193-4278-8a8f-8f9b3a34406c,Algebra,Linear functions,E
10c448d6,dcbc1809-77bc-40b1-b74a-cb105d2b0efa,Algebra,Linear equations in two variables,E
939fc21b,96df58ca-4a03-48f8-b5e1-0437cd8a8511,Algebra,Systems of two linear equations in two variables,E
68f343c9,d6701d8a-79c5-4cbd-b549-dcd4b570f33b,Algebra,Linear functions,M
7038b587,7e0f2970-3e0b-4e25-b69c-84a25543e4e7,Algebra,Linear equations in two variables,E
4acd05cd,243f2e8b-7dd9-4a6f-b01e-582ee9fbb34c,Algebra,Linear equations in two variables,E
6d8ad460,ee187260-bfb5-410e-bb49-e34aec865b7b,Algebra,Linear equations in two variables,H
34aca984,f1ec7cf0-eab8-4ce6-b73f-e779a85c2edc,Algebra,Linear inequalities in one or two variables,M
963da34c,05385-DC,Algebra,Linear inequalities in one or two variables,H
184ce5aa,80b79c80-6158-42f6-b5e5-0c0a19031fce,Algebra,Linear equations in two variables,H
76f29fa5,81094fb4-28a4-4d27-b028-07b229772468,Algebra,Linear equations in one variable,M
b2de69bd,06912-DC,Algebra,Linear equations in two variables,E
aacc834b,f0dd503e-886e-49ec-9002-e65200346c57,Algebra,Systems of two linear equations in two variables,E
042aa429,7fedd1ee-8dd3-449f-8f4a-8154d1d099ed,Algebra,Linear functions,M
cd33b015,026034-DC,Algebra,Systems of two linear equations in two variables,E
e2e3942f,022887-DC,Algebra,Systems of two linear equations in two variables,H
f03465dc,c4e7a98c-fecd-45d1-ad5b-69c978af6bf7,Algebra,Systems of two linear equations in two variables,H
f8ff3249,40946085-fbf1-4c4a-977f-931fd79ef80c,Algebra,Linear inequalities in one or two variables,H
5ab9903f,657150dc-4949-4ed3-afe8-a00d56bf8642,Algebra,Linear equations in one variable,M
a35c7164,8f4b667c-7537-4495-ba4d-4549d1e62f85,Algebra,Linear equations in two variables,H
de6fe450,017100-DC,Algebra,Linear functions,E
d0a2fed5,568627eb-0784-4a63-a56a-ddffad314bb8,Algebra,Linear equations in one variable,M
03503d49,b56c5e06-9287-4cf4-860c-261d954a284d,Algebra,Linear inequalities in one or two variables,H
4f8bd093,fe2efe64-2759-4c9c-b6ac-4e4f9f1c9372,Algebra,Linear equations in one variable,E
4ec95eab,7eab7aa7-dffb-49ed-89bb-e363db1aaad3,Algebra,Systems of two linear equations in two variables,E
63d03c0b,4c14e865-e027-430a-9613-c80acd0346bf,Algebra,Linear functions,H
2d54c272,cdc3a36c-aceb-4d6e-99f2-44a62cd1b9b1,Algebra,Linear equations in two variables,H
fbd5483f,901a9121-4094-4653-b9b7-79d1132f3e1e,Algebra,Linear inequalities in one or two variables,H
4f89e4d4,b86303fd-698f-45e4-ba2a-97ad8f15a2d6,Algebra,Linear functions,E
4fb8adf7,ac10f741-d7d2-4630-ac36-63d9fd1f7a94,Algebra,Systems of two linear equations in two variables,E
d0cb49e8,b5fb74ca-504a-48fd-8613-f6d71ec02d98,Algebra,Linear functions,E
cee5b352,cdf32e4b-02c1-4140-951c-3af80dec3e9f,Algebra,Linear functions,E
c9355dec,f576ed28-b872-4c0f-a110-74e03781f51b,Algebra,Linear inequalities in one or two variables,E
58477a6c,8b3e73a1-172a-4ae8-af4d-a8d63b197417,Algebra,Systems of two linear equations in two variables,H
1e0a46e4,e124013e-471c-4f28-a3b4-212a4fd25c4e,Algebra,Systems of two linear equations in two variables,H
1e11190a,bc24a37b-b601-44de-a222-60974e9db0fb,Algebra,Systems of two linear equations in two variables,H
c39dbbdf,1ede31ff-90cd-4739-bd83-5ba88c2b02cb,Algebra,Linear equations in two variables,M
5518885d,5b3a2276-e0f1-47e6-a1cd-e590bbf22925,Algebra,Linear equations in two variables,E
78391fcc,029517-DC,Algebra,Linear functions,H
9ff10b3b,14894-DC,Algebra,Linear equations in one variable,E
ca452900,f751d621-537a-4175-801e-a9a856b72c00,Algebra,Linear equations in two variables,M
e77a76ce,33e5c79f-6eb4-44bc-917c-7090df8d4158,Algebra,Systems of two linear equations in two variables,M
b2fe7ab6,ee5be81f-8eae-4f80-8e45-e6642db5143d,Algebra,Linear functions,M
aad7e1b9,b4142eb8-7a46-4f1d-a34d-495ec7fb5693,Algebra,Linear functions,E
1bc11c4e,e65207ac-6145-49ce-842e-ade8831b09cf,Algebra,Linear functions,M
68c5c81a,4ab12ef2-53a0-47fe-ac2b-2bb21f21eb96,Algebra,Linear inequalities in one or two variables,H
b3c7ca1d,a9ea688b-0693-4bef-8150-b731185309a2,Algebra,Systems of two linear equations in two variables,M
deee9063,694cab4d-2a4c-40a2-bd61-46ca0d6708b4,Algebra,Linear equations in two variables,E
2d0e13a6,43d2ddd5-a11f-494c-acca-88dc80fde548,Algebra,Linear equations in two variables,E
59afe8db,974b35b6-beab-44b9-8d36-7f18c4daa0d1,Algebra,Linear equations in one variable,E
b8e73b5b,05355-DC,Algebra,Linear inequalities in one or two variables,H
4b06557b,a90c85c1-804c-489e-9c12-436ca82f1f2d,Algebra,Systems of two linear equations in two variables,E
830120b0,11266-DC,Algebra,Linear inequalities in one or two variables,H
23c5d458,32ff6707-691a-4b5c-a8ba-41a26d2c8ad0,Algebra,Linear functions,M
e86a06fe,4e317fbb-cdce-4c3a-acc2-5f1f342d3af0,Algebra,Linear functions,H
c8e0f511,e9060623-fc35-41b6-8e81-702b67a6dc3c,Algebra,Linear equations in two variables,E
c4ea43ef,029469-DC,Algebra,Linear equations in two variables,H
fb5e7f59,3265ed42-e3f1-44ac-9cb6-a8b55c776c51,Algebra,Systems of two linear equations in two variables,H
2869fe95,3f8fee7b-88df-4e61-b457-3a88934cb9c7,Algebra,Linear inequalities in one or two variables,E
4e77195b,26011899-7805-4655-b434-d6a03ef7d8de,Algebra,Linear equations in one variable,E
113b938e,08691-DC,Algebra,Linear functions,M
fe287f7e,0f91f69e-0e9c-452b-aef8-15e6c57f7327,Algebra,Linear functions,E
029c2dc2,b5bc3c68-cf0b-420c-894c-67a87a23e1b4,Algebra,Linear equations in two variables,E
2e1a7f66,ea6362be-d602-4fd3-b6df-53518625197a,Algebra,Linear equations in two variables,M
5e422ff9,08687-DC,Algebra,Systems of two linear equations in two variables,M
e744499e,14928-DC,Algebra,Linear inequalities in one or two variables,E
59352689,872b58e5-a9ea-488a-917d-0bdaaf2a4d73,Algebra,Systems of two linear equations in two variables,H
c5479c1a,61a4ffe2-81eb-435b-bda6-4f44122ffded,Algebra,Linear equations in two variables,E
14360f84,9961525f-7f16-4e8c-9aef-754d7403a0cf,Algebra,Systems of two linear equations in two variables,H
f01ef454,40468143-fc48-4d07-9364-198a459e602f,Algebra,Linear inequalities in one or two variables,E
6efcc0a3,61063a9c-5dc4-47b2-858c-6c3052f4e804,Algebra,Linear functions,E
637022d2,eb660cfe-6d9e-465b-a9a3-9b5a5ae60195,Algebra,Linear equations in two variables,M
776cfa7c,bba90b53-4666-4123-babf-8f8dbe2f8a7f,Algebra,Linear functions,E
f6b055dc,58253567-9086-41df-86cd-17a48bbb725b,Algebra,Systems of two linear equations in two variables,E
0393ba15,c5442207-cd62-4203-8c5a-95d42e060e41,Algebra,Linear equations in one variable,H
74c98c82,ff06a0a2-65a5-41cc-a2c6-f909deb61b07,Algebra,Linear inequalities in one or two variables,M
36ab4122,05043-DC,Algebra,Linear equations in one variable,M
1efd8202,103a78aa-4206-460e-8583-9fb2c2c88e63,Algebra,Linear equations in two variables,E
73b5f330,9dc23c3a-e1d2-402a-9e2a-4085bbba4933,Algebra,Linear functions,E
d76ab4f5,5839b7ae-3235-44a9-9666-5735f17e34d8,Algebra,Linear equations in one variable,E
4f7981a0,022296-DC,Algebra,Linear equations in one variable,E
295a41f0,c0070404-51d0-404d-88ce-75aa7e687a20,Algebra,Linear functions,M
a71b1bc1,37c0d421-25f7-4ad6-99d7-8c81927bd65c,Algebra,Systems of two linear equations in two variables,H
1ce51655,85822077-c33d-45ef-bd16-1f8decf34dde,Algebra,Linear equations in one variable,M
e9ef0e6b,20b7ec3b-23a0-4fbf-8db9-9d357de8c613,Algebra,Linear inequalities in one or two variables,M
c841e8e8,5bbff16a-8cdc-4d4c-b45c-545cf12538e2,Algebra,Linear equations in one variable,E
e103300e,b054f030-a6ac-4c84-8808-fddfd6d758ba,Algebra,Linear functions,H
cb58833c,070613-DC,Algebra,Linear equations in two variables,H
81390d6c,907da20e-eb78-4bed-85f6-ce91ac870f45,Algebra,Linear functions,E
ed856e9c,012f9eba-ac05-4ad4-b0df-834b624098e7,Algebra,Linear equations in two variables,E
97eab129,de934a98-c3b0-4f0e-bccc-3bbfd3d0308d,Algebra,Linear functions,E
567ac7ab,034116-DC,Algebra,Systems of two linear equations in two variables,H
9d0396d4,2af9fdfa-146c-4add-84b4-cb5bbf516dc2,Algebra,Linear equations in two variables,H
4771a64a,0797e1a5-ab62-4b2e-b8db-ec842244529a,Algebra,Linear equations in one variable,H
5a7ab8e8,565e2580-0194-4be0-b5a7-5e2273ce4a14,Algebra,Linear equations in one variable,M
55447be2,7bbaeebb-c7b9-4d87-ac22-9fb4f0d77968,Algebra,Systems of two linear equations in two variables,M
40049d49,162bcb97-414c-46ed-a490-4d88402f07fa,Algebra,Linear equations in one variable,M
2704399f,016627-DC,Algebra,Systems of two linear equations in two variables,M
f02b4509,1678f18c-082f-4417-97ca-e3e524d586e6,Algebra,Linear inequalities in one or two variables,M
daad7c32,08486-DC,Algebra,Linear functions,H
3f8a701b,10864-DC,Algebra,Linear equations in one variable,H
eeebe166,d8fb921c-f434-41b5-b963-d87e3d7e5311,Algebra,Linear equations in two variables,E
0d1dca87,026980-DC,Algebra,Systems of two linear equations in two variables,E
3a84f885,15e8ec7c-ca9d-47c1-ab6b-a40b86f74651,Algebra,Systems of two linear equations in two variables,H
b9839f9e,025710-DC,Algebra,Linear equations in two variables,E
023c0a8d,021098-DC,Algebra,Linear functions,H
a94ed4e0,181b5ada-d520-4724-9962-4d99a5d79e8f,Algebra,Systems of two linear equations in two variables,M
686b7cad,1ce8eb76-74a1-43fe-a9d0-df147e4ca59e,Algebra,Systems of two linear equations in two variables,M
fbb0ea7f,79f6861f-e1b2-4b3a-a56b-065a572689b2,Algebra,Linear equations in one variable,E
a5882327,704bbab2-6312-41d6-a1ca-affd16b16c5a,Algebra,Linear functions,H
75012ee7,99370f6d-8788-4824-a8aa-20c268f5a86c,Algebra,Systems of two linear equations in two variables,H
1f0966db,f8b5e794-72b0-4393-8d1c-cd433c069575,Algebra,Linear functions,M
a7a14e87,045840-DC,Algebra,Linear equations in two variables,H
ccc3ad6b,fef8ab08-2a09-4477-9b15-1ed3a9fc0ac6,Algebra,Systems of two linear equations in two variables,E
1fe778dc,84a52145-ed23-4de2-9bb6-c1f412e7b1f8,Algebra,Linear equations in two variables,E
90bd9ef8,10570-DC,Algebra,Linear inequalities in one or two variables,M
c3989ef8,151077e0-2b11-4c07-bc61-40cb9fc124a8,Algebra,Linear equations in one variable,E
429fb7c0,7c776d67-dc96-4c86-97df-52e3204cdfe9,Algebra,Linear equations in one variable,H
6f6dfe3e,eb64b8f6-731a-4137-9ed2-358ab19f106c,Algebra,Linear equations in two variables,M
8f0c82e2,4d535a61-d332-4981-961c-a1bf2488438f,Algebra,Linear inequalities in one or two variables,M
5ad9eff0,11138-DC,Algebra,Linear equations in one variable,M
39617468,e144d7c1-e5c3-4695-b317-58369ec6c22e,Algebra,Linear equations in two variables,E
038d87d7,4e5c1cee-ad79-4a5a-8828-24762395ae21,Algebra,Linear equations in two variables,M
174885f8,7375a642-6151-451c-8a97-8c5092f8e9b5,Algebra,Linear equations in two variables,E
441558e7,0f9a48e3-fac3-492a-8104-05def2d974ce,Algebra,Linear functions,M
46f68129,06902-DC,Algebra,Linear equations in one variable,E
56e373b3,7e8a4250-4838-4f9d-9e6c-24235e682f46,Algebra,Linear equations in one variable,E
2eef7e61,029386-DC,Algebra,Linear functions,E
e3bbde69,a87ec507-656c-4bf5-ad90-09107b7dcf8b,Algebra,Systems of two linear equations in two variables,M
f0773a55,461f9ba1-a36e-4795-9b6e-093390fd8977,Algebra,Linear functions,M
8da536c6,bae4968b-c35c-406d-b991-c09a53f7410e,Algebra,Linear equations in two variables,E
5e08a055,673c8b0c-840e-41ac-bc4e-82b2f8b2a747,Algebra,Systems of two linear equations in two variables,H
0ea7ef01,b347b50a-ec16-402a-b7e5-8ec5a188bf8f,Algebra,Linear functions,E
0df106df,10239-DC,Algebra,Systems of two linear equations in two variables,E
e53870b6,027085-DC,Algebra,Linear equations in one variable,E
820ad8e8,2c084f8b-ca91-4384-99bb-5c4f22a12de2,Algebra,Linear equations in two variables,E
9f70fd47,06cf762f-e23b-41cd-9a4f-cba279a432ff,Algebra,Linear equations in two variables,H
f5ff91b2,eec9f1c3-9c60-420a-98bf-68fc90a14f95,Algebra,Linear equations in one variable,H
a1fd2304,070614-DC,Algebra,Linear equations in two variables,H
5f46fc76,ebe78c3d-d888-4a7c-8973-f50c7ec643f3,Algebra,Systems of two linear equations in two variables,E
b544a348,025580-DC,Algebra,Systems of two linear equations in two variables,M
628300a9,08060-DC,Algebra,Linear equations in one variable,H
a232aa96,7fb9dc2e-7cc3-466f-b4fc-ac67568ce00b,Algebra,Linear functions,E
400798d6,df2106f5-60f0-4169-a44d-b3223cb59788,Algebra,Linear equations in two variables,M
9ed4c1a2,55d9f495-d3f8-4300-aadb-4beb4b5365d2,Algebra,Linear equations in two variables,M
45bba652,08357-DC,Algebra,Linear equations in one variable,M
53487897,940b3aad-7c94-4109-8fe4-ef6351e23009,Algebra,Linear functions,M
208626df,c6ae5b6e-3980-49ff-bd21-fd706a9011aa,Algebra,Linear inequalities in one or two variables,E
b75f7812,05401-DC,Algebra,Linear inequalities in one or two variables,E
1ecaa9c0,029367-DC,Algebra,Linear functions,E
fb43b85f,f7d44282-a880-4219-88e0-2d034cd8f06b,Algebra,Linear equations in two variables,M
eafdbbbd,63a0e21a-3df7-463a-b0b7-6bf2eeefbcb4,Algebra,Linear equations in one variable,M
7d89376f,09904-DC,Algebra,Systems of two linear equations in two variables,E
3ce92ce8,70799514-1e68-4ec1-9002-6b0e1165cbb0,Algebra,Linear functions,M
0bd33265,e47cdf24-1ef9-4aa4-bc46-70b25da6e45e,Algebra,Linear functions,H
f40552a9,6c6e9e8c-6e47-4600-94eb-347c7a7ae6c5,Algebra,Linear equations in two variables,E
12ae3452,56ef2f00-3bce-4eb9-bc8b-077ee70a054d,Algebra,Linear equations in two variables,E
17f176ec,07542-DC,Algebra,Systems of two linear equations in two variables,E
8a6de407,027788-DC,Algebra,Linear functions,M
a4989860,d739e9dd-c317-4c86-831a-07375a627a3d,Algebra,Linear equations in two variables,M
8643d906,020395-DC,Algebra,Linear functions,E
bbf9e5ce,4959c26d-16dc-4df2-8bb7-92bd72d87aa5,Algebra,Linear functions,H
36f068e2,74ba4b49-0d96-4325-b90c-ffaf55d59428,Algebra,Systems of two linear equations in two variables,M
5b7599a6,8cda2479-6500-45ad-b2fe-a4863fff3443,Algebra,Linear equations in two variables,H
23758540,70f8f5ea-a016-4c7d-ad77-2b55a0b1c990,Algebra,Linear equations in one variable,E
a4d6fbec,2e557c2f-0543-4d59-933b-131124398b14,Algebra,Linear functions,E
67d63e19,6ea75b24-df55-4b56-a799-54ee041ec141,Algebra,Linear functions,H
39571c77,eee8837f-1da3-4242-8e86-e8d7f893b7c4,Algebra,Linear equations in two variables,E
d02193fb,198d9860-8bae-4154-b45d-f9d35b29fd48,Algebra,Linear inequalities in one or two variables,M
63be6c9a,b0ba00cd-ad0e-4693-864f-2a0283cf64f7,Algebra,Linear equations in two variables,M
49cd76d5,84445f9f-c91d-47ad-a7fb-f1adeb091390,Algebra,Linear equations in one variable,E
65833256,572fa74d-4b79-415a-8241-a2848bbba074,Algebra,Systems of two linear equations in two variables,M
768b2425,62a434cb-ba25-40cd-9fae-dadf2a410594,Algebra,Linear equations in two variables,E
e53688cb,aa6865b9-fa65-43d3-bbf6-6e17250dc546,Algebra,Systems of two linear equations in two variables,M
44d65912,08822-DC,Algebra,Systems of two linear equations in two variables,E
41fdc0b8,10521-DC,Algebra,Linear functions,M
8ad64841,607e02b9-ac5b-48d2-8d14-a74f33743cd9,Algebra,Linear functions,M
f60aa0dc,d92e58bf-e6da-484f-8d84-5452a09619b1,Algebra,Linear equations in one variable,M
8b2a2a63,62aec139-478e-41ed-ae31-7c2ce572a8ef,Algebra,Linear equations in two variables,E
70774aa4,ab4c9e76-1929-4d3f-ad64-4a63c8386545,Algebra,Linear equations in one variable,E
8a1544f1,09915-DC,Algebra,Linear equations in two variables,E
a9c04a21,015193-DC,Algebra,Linear equations in one variable,E
5907e072,b1f78aeb-1ccd-4387-9894-38cac3d88e77,Algebra,Linear functions,E
27f5fff3,f6ec6740-9074-4a1f-a62d-cac86fd126d8,Algebra,Systems of two linear equations in two variables,H
535fa6e6,9040ee10-4498-4a27-b92f-5181148b3e11,Algebra,Linear equations in two variables,E
a73a5c22,b63fa866-0dfd-4de5-8017-16574107aa40,Algebra,Linear functions,E
6fa593f1,9931da93-9c67-4834-ac2f-f3587e875e3e,Algebra,Linear equations in one variable,E
8c515062,ed19c902-acac-433c-b8f5-c8cd07c4e16d,Algebra,Linear equations in one variable,M
4b76c7f1,027878-DC,Algebra,Systems of two linear equations in two variables,E
1993561d,baf1c184-aaa3-416b-ac7d-232d0c6ccc89,Algebra,Linear functions,E
b64e2c7f,5033c9a1-3f55-43c6-abad-0ff80dc97762,Algebra,Linear inequalities in one or two variables,E
49800634,b7ba7dde-8eb4-42fb-a134-796966b15f0d,Algebra,Linear equations in two variables,H
7d6928bd,d6f43e04-786e-41b9-a88e-42db5ecb8f8b,Algebra,Linear inequalities in one or two variables,E
a04190b7,eb3d5dbd-4820-4685-bc1e-0710105586f6,Algebra,Linear equations in two variables,M
d1aeb6f1,9848a7b9-5a10-4833-b6e0-1b98ce1e44c1,Algebra,Systems of two linear equations in two variables,E
5ad6bc97,2825ecca-ede4-4a29-bbb0-928be95b590b,Algebra,Linear functions,E
a8e6bd75,08449-DC,Algebra,Linear functions,E
948087f2,10589-DC,Algebra,Linear inequalities in one or two variables,M
00b9bd37,6bfc998d-ffc0-408c-a5a9-fdf16efed66f,Algebra,Linear equations in two variables,M
73b3b7d8,82f7e038-e8ce-4d33-b043-0d0d68435a80,Algebra,Systems of two linear equations in two variables,H
beca03de,abfd9618-c65d-4fd8-9f89-254e3dfa9529,Advanced Math,Nonlinear functions,M
4e18fc5d,3972a3e1-4431-4102-8724-89e23f92d34f,Advanced Math,Nonlinear equations in one variable and systems of equations in two variables,M
f5c3e3b8,8dbb28ea-e265-4e97-95ca-ce81e767f4e8,Advanced Math,Equivalent expressions,E
a5663025,026003-DC,Advanced Math,Nonlinear equations in one variable and systems of equations in two variables,M
3c95093c,04095-DC,Advanced Math,Nonlinear equations in one variable and systems of equations in two variables,E
d0a7871e,08148-DC,Advanced Math,Nonlinear equations in one variable and systems of equations in two variables,M
72ebc024,82d332a7-36d9-4422-9783-754cdaf665a2,Advanced Math,Equivalent expressions,E
dd4ab4c4,09342-DC,Advanced Math,Equivalent expressions,M
b8caaf84,022234-DC,Advanced Math,Equivalent expressions,M
7f81d0c3,025768-DC,Advanced Math,Nonlinear equations in one variable and systems of equations in two variables,M
332cd67b,43b67788-a46c-45bd-a2de-2d26a4afa7b3,Advanced Math,Nonlinear equations in one variable and systems of equations in two variables,E
301faf80,7224c605-0224-443d-8b93-f567251f7a19,Advanced Math,Nonlinear functions,H
128c75e2,65f2a8b0-dac1-4676-af53-3ed1d29659c3,Advanced Math,Nonlinear functions,H
7f2524bf,d73b26c3-ce67-4987-8411-3f6ae5fa6ca3,Advanced Math,Nonlinear functions,E
e312081b,027123-DC,Advanced Math,Equivalent expressions,E
02060533,158b94a1-9ef6-432b-9a5c-1435e1662fe7,Advanced Math,Nonlinear functions,H
52931bfa,d228702c-741e-49d7-ad2d-527046f58b94,Advanced Math,Equivalent expressions,M
1e003284,a87d4ca6-6608-46d3-9f6b-60f4ad868594,Advanced Math,Nonlinear equations in one variable and systems of equations in two variables,E
91e7ea5e,038001-DC,Advanced Math,Nonlinear functions,H
e9aed539,ec7fe4db-233b-4c49-9a70-2816bda45ba9,Advanced Math,Nonlinear functions,E
358f18bc,22bb3d70-ebff-46aa-8f1d-07a231d876e8,Advanced Math,Nonlinear functions,H
3a9d60b2,c9ba957d-0aef-4fba-942a-16b7f4d4d31b,Advanced Math,Nonlinear equations in one variable and systems of equations in two variables,H
8490cc45,8defe594-1c91-42f1-b36d-c8fc7e515441,Advanced Math,Nonlinear functions,H
4fbffc0a,75b672c9-de51-448e-b5a4-f2bd63b15e93,Advanced Math,Nonlinear functions,E
ebed7dc6,f8a81d21-4cde-4a6a-bab6-e67dcb97b10f,Advanced Math,Nonlinear functions,H
ba0edc30,28f04aa6-9eca-4e86-bee8-86e106dc02df,Advanced Math,Nonlinear equations in one variable and systems of equations in two variables,H
39714777,61c05d04-1600-452b-9723-85d1636b8f5a,Advanced Math,Nonlinear functions,M
fc3d783a,8acbff18-5c28-43c6-85f6-a6d5078b92cd,Advanced Math,Nonlinear equations in one variable and systems of equations in two variables,H
a9084ca4,217d73a6-2b65-4411-bdbd-71f2d68adf48,Advanced Math,Nonlinear functions,H
075b29b0,11aa8904-6d75-4f09-b150-a48f09955868,Advanced Math,Equivalent expressions,E
2c6f214f,19eed232-6ab6-4e1d-8586-46e6d6357a09,Advanced Math,Nonlinear functions,H
781c2f6e,ace58eff-0b88-4468-aeb9-2f5ff6974cd4,Advanced Math,Nonlinear functions,H
cb29c54c,45800f0b-d83c-4237-a7a2-1f84edd039a1,Advanced Math,Nonlinear functions,M
4661e2a9,05327-DC,Advanced Math,Nonlinear equations in one variable and systems of equations in two variables,H
6abec9a8,37ced69c-527a-4d31-a90e-19a862272659,Advanced Math,Nonlinear functions,E
ad2ec615,016475-DC,Advanced Math,Equivalent expressions,M
42c71eb5,025483-DC,Advanced Math,Equivalent expressions,M
52b1700c,e78c85a7-41e7-485b-b784-99727df47183,Advanced Math,Nonlinear functions,M
371cbf6b,11189-DC,Advanced Math,Equivalent expressions,H
b4acba95,88cb70a7-15a5-452e-9010-61cf2f4f5a6f,Advanced Math,Nonlinear equations in one variable and systems of equations in two variables,M
ff8c5844,f9da1b3c-c8a6-40ae-b912-90cb932f1c07,Advanced Math,Nonlinear functions,M
a05bd3a4,08064-DC,Advanced Math,Equivalent expressions,M
c3b116d7,77bede4f-84ec-4063-9b73-a0d1bd0cff6b,Advanced Math,Equivalent expressions,H
40c09d66,070622-DC,Advanced Math,Equivalent expressions,H
f423771c,2a0b1f88-5e2b-441c-84cb-141f8592d02a,Advanced Math,Nonlinear functions,M
b8f13a3a,5d6ca18c-fd03-4a2f-89ab-d392b028d18b,Advanced Math,Nonlinear functions,H
8e1da169,0f7f7ce8-ffff-4ef3-be02-23e788d84376,Advanced Math,Nonlinear functions,H
1d3c5c95,b5fc9e88-ea7b-46f4-af78-c536a42d0baf,Advanced Math,Nonlinear functions,M
ae05d37b,46f2fda7-d91a-4059-9f4c-9f57b65cf702,Advanced Math,Nonlinear functions,M
1ee962ec,1549b7a3-5fbf-46f8-8861-103e5d9edae0,Advanced Math,Nonlinear functions,E
c6a26e14,108c96b1-9f6f-4078-9044-a3fccd85c37c,Advanced Math,Nonlinear equations in one variable and systems of equations in two variables,E
07bcecac,d6c4b6c3-23fb-477d-aba3-9ed20b31fbb9,Advanced Math,Nonlinear functions,E
ad03127d,d2ce343c-ce62-40d3-805d-1ec24af622ab,Advanced Math,Nonlinear equations in one variable and systems of equations in two variables,E
02add2d2,62aee8c9-96f8-4f03-aad4-f068bd524749,Advanced Math,Nonlinear functions,M
f65288e8,11064-DC,Advanced Math,Nonlinear equations in one variable and systems of equations in two variables,H
788bfd56,a31258b0-0750-420d-9cc1-2b4aad1e6dc2,Advanced Math,Nonlinear functions,E
2c288148,b329914a-0391-4290-8ade-dc32575f2627,Advanced Math,Nonlinear equations in one variable and systems of equations in two variables,H
40491607,27964a59-cacc-4c94-b077-538b9a79dbb5,Advanced Math,Nonlinear functions,H
369b7bb7,16aeb5f1-86d3-4fcc-b2ef-5ad34f8f79f5,Advanced Math,Nonlinear functions,E
3206b905,c0558845-d200-4e15-8b86-f37c4c3c5484,Advanced Math,Equivalent expressions,M
f89af023,021775-DC,Advanced Math,Nonlinear functions,M
7902bed0,bf8e1345-911b-42f4-ad9c-688a5ce90cb6,Advanced Math,Nonlinear functions,H
4a0d0399,35b45e44-2494-439f-a174-5c714299c55c,Advanced Math,Nonlinear functions,H
768b60d2,ceec8040-0ddb-4726-b897-3baa00b904d2,Advanced Math,Nonlinear functions,M
e53add44,029350-DC,Advanced Math,Nonlinear functions,M
f2f3fa00,05702-DC,Advanced Math,Nonlinear equations in one variable and systems of equations in two variables,H
b4a6ed81,74a8d55a-4db1-41ce-9d72-b5498e6a1d89,Advanced Math,Equivalent expressions,M
9654add7,029595-DC,Advanced Math,Nonlinear functions,H
4618501a,1b3396a5-95c8-4241-a154-8fc5c60e081b,Advanced Math,Nonlinear functions,M
34847f8a,022991-DC,Advanced Math,Equivalent expressions,H
253985c2,238bf570-e789-4f6b-9588-2ff4572b2368,Advanced Math,Equivalent expressions,E
cc776a04,05410-DC,Advanced Math,Equivalent expressions,M
263f9937,08160-DC,Advanced Math,Nonlinear functions,H
4ac59df6,440a7343-d56b-4b84-936d-ec6c5596d326,Advanced Math,Equivalent expressions,E
fada6b03,573f8b0a-9818-4498-97d9-46bab82da00c,Advanced Math,Nonlinear equations in one variable and systems of equations in two variables,H
926c246b,025805-DC,Advanced Math,Nonlinear functions,M
84e5e36c,5014724c-eaa2-486b-8c20-ebe36ecc982b,Advanced Math,Nonlinear equations in one variable and systems of equations in two variables,E
ff2c1431,e3cbd1d8-7084-48db-a4b9-384e8121846d,Advanced Math,Nonlinear equations in one variable and systems of equations in two variables,M
137cc6fd,aed0b60c-1ac2-47c0-8e11-047b2c3d1b5e,Advanced Math,Equivalent expressions,H
6ce95fc8,016807-DC,Advanced Math,Nonlinear equations in one variable and systems of equations in two variables,H
4dd4efcf,c1e6cb10-5989-4a1e-a246-78972ed7bf5a,Advanced Math,Nonlinear functions,H
cc2601cb,ff1de39f-4c5b-4dcb-8710-09663efcf4f5,Advanced Math,Nonlinear functions,E
6bdcac03,cbd984f8-3214-4590-b53a-6195d99f9659,Advanced Math,Nonlinear equations in one variable and systems of equations in two variables,M
f5aa5040,6dc78b73-3d3a-47a2-8b1b-c6041a6a7337,Advanced Math,Nonlinear equations in one variable and systems of equations in two variables,H
252a3b3a,30c5bb08-3642-4126-a066-371cb194f2d1,Advanced Math,Nonlinear functions,M
2992ac30,2812bef6-4e2d-4eae-b382-81985e9c9a12,Advanced Math,Nonlinear functions,H
58443765,8fd03417-fa6c-4681-901b-22278562189d,Advanced Math,Nonlinear equations in one variable and systems of equations in two variables,E
3d7d7534,75080822-5747-4d72-a303-ce2f5788815a,Advanced Math,Nonlinear equations in one variable and systems of equations in two variables,M
841ef26c,2ae9a93c-e2a5-4e1e-9012-cdaf6592e09a,Advanced Math,Nonlinear functions,H
cc6ccd71,d7821fa6-7c23-42a3-8896-9b2a32bffb92,Advanced Math,Nonlinear functions,M
70482e20,5d93e88d-9666-4e29-baab-4dcd15423597,Advanced Math,Equivalent expressions,E
8452c42b,707e44df-b9c2-476c-a030-957fe31a519a,Advanced Math,Equivalent expressions,E
b39d74a0,027806-DC,Advanced Math,Nonlinear functions,E
ea6d05bb,baae72cd-ec86-42e7-81a6-5f31c096baea,Advanced Math,Equivalent expressions,H
09d21d79,a01bd482-116c-496d-b602-9a1cbb2d0dbd,Advanced Math,Nonlinear functions,H
722de804,8204e6e4-4fd9-46f0-8199-646409cd8719,Advanced Math,Nonlinear equations in one variable and systems of equations in two variables,H
95d1c344,d900a2e7-10e1-484e-a11a-0c2fe3bbb04f,Advanced Math,Nonlinear functions,M
0536ad4f,885afb10-2178-4564-84ab-6e185b004a41,Advanced Math,Equivalent expressions,E
433184f1,16d897b1-c597-4b7a-b4ee-ecba3515085e,Advanced Math,Equivalent expressions,H
d135f4bf,212a6362-e804-4f52-add2-1e4b1d20094c,Advanced Math,Nonlinear functions,H
b0543157,845ca085-d722-4829-90e4-3d2962743b6a,Advanced Math,Nonlinear functions,H
1d3fee25,04639-DC,Advanced Math,Equivalent expressions,E
4ca30186,e918de33-af58-440c-b5a8-b50469fe0230,Advanced Math,Nonlinear equations in one variable and systems of equations in two variables,E
911383f2,034071-DC,Advanced Math,Nonlinear equations in one variable and systems of equations in two variables,M
d8789a4c,028934-DC,Advanced Math,Equivalent expressions,H
b80d10d7,025700-DC,Advanced Math,Nonlinear equations in one variable and systems of equations in two variables,M
fde6f3bb,82103492-4feb-429c-a10f-a71972d8a35d,Advanced Math,Equivalent expressions,M
ffdfe1e1,2d05a911-7298-4d94-ad93-ec0fefdedb1d,Advanced Math,Nonlinear functions,E
d4950429,ecc55958-e485-4d44-84c5-3a70884d1fb5,Advanced Math,Nonlinear functions,M
752055d1,4c9d9c55-af83-41a1-beaf-3cf5e261efd5,Advanced Math,Nonlinear functions,M
d0a53ef5,441e80ee-d059-4eb1-b33c-69ae14eabe0e,Advanced Math,Nonlinear equations in one variable and systems of equations in two variables,H
fcdf87b7,070618-DC,Advanced Math,Nonlinear equations in one variable and systems of equations in two variables,M
3148fe3e,b930ff78-e7c0-4bf0-a4c8-db513178d545,Advanced Math,Nonlinear equations in one variable and systems of equations in two variables,M
271ffad7,e4d534f2-3a87-4887-9602-3feff6694dcb,Advanced Math,Nonlinear functions,H
ee857afb,b2aba242-20bd-454b-aaca-55c42bdd0501,Advanced Math,Nonlinear functions,H
a520ba07,08126-DC,Advanced Math,Equivalent expressions,M
5b6af6b1,a81bca68-7fa7-4265-906c-6d5f61769b51,Advanced Math,Equivalent expressions,M
652054da,025718-DC,Advanced Math,Nonlinear equations in one variable and systems of equations in two variables,M
0380bbdc,2aca4259-cade-40c9-b16c-5635ca1d9ac5,Advanced Math,Nonlinear equations in one variable and systems of equations in two variables,M
837e9da7,3c84e10c-eecd-4a7b-b28c-a5de3d455977,Advanced Math,Nonlinear functions,E
a255ae72,07749-DC,Advanced Math,Equivalent expressions,M
dd3b1e1a,b026eab4-9126-4926-ba7f-aeb53aa41e01,Advanced Math,Nonlinear functions,M
3de7a7d7,08137-DC,Advanced Math,Nonlinear equations in one variable and systems of equations in two variables,E
1e7a1deb,f4365bf0-90a1-4025-b4b6-b2ba9e88b93a,Advanced Math,Equivalent expressions,M
70f98ab4,35b766b9-da19-4203-90cb-2032ce081aac,Advanced Math,Nonlinear equations in one variable and systems of equations in two variables,E
35e05e19,b4b30a03-7260-43d7-a5d1-c60b998baa85,Advanced Math,Nonlinear functions,H
2c05d312,fcee5450-b85d-43d4-a5c2-befadc67d6b0,Advanced Math,Nonlinear equations in one variable and systems of equations in two variables,H
1fe32f7d,cc8d5c5d-bc43-4311-981f-7eb0259aaf7a,Advanced Math,Nonlinear equations in one variable and systems of equations in two variables,H
a45ffacb,e34a2287-9f25-422a-b964-03bc949e8c94,Advanced Math,Nonlinear functions,H
95ed0b69,135d0742-47f5-4297-a337-b8715edbb016,Advanced Math,Nonlinear equations in one variable and systems of equations in two variables,M
463eec13,026581-DC,Advanced Math,Equivalent expressions,M
821e724e,c52ea1c2-4bf1-4d4c-b86b-2dc95f66577b,Advanced Math,Nonlinear functions,H
341ba5db,375d70d6-9387-4fb7-a51e-674183bfce7c,Advanced Math,Nonlinear functions,M
d8e84431,10bfa82a-f80c-43fa-bf29-485d8932309c,Advanced Math,Nonlinear functions,H
18e35375,de664bb9-acef-44d5-af54-80d0da2e25bb,Advanced Math,Nonlinear functions,H
c303ad23,4d5ada3e-eaea-405e-9b02-b7797ddf34f3,Advanced Math,Nonlinear equations in one variable and systems of equations in two variables,H
6e02cd78,028796-DC,Advanced Math,Nonlinear equations in one variable and systems of equations in two variables,M
15c364bf,076cf150-d233-4c88-b49e-49a87889ba92,Advanced Math,Nonlinear functions,M
2cb17792,f7813f1c-5e31-444e-8273-c1fc41ce7f59,Advanced Math,Nonlinear equations in one variable and systems of equations in two variables,H
ce508fb0,c9709019-d048-4409-a506-d771fa061265,Advanced Math,Nonlinear functions,H
74473be4,cf311c5e-be31-4641-9700-9b164150cb1e,Advanced Math,Nonlinear equations in one variable and systems of equations in two variables,H
b5c43226,7af6ef83-b534-4900-b63b-a74eee6196f9,Advanced Math,Nonlinear functions,E
13e5a5d5,711ce341-6b08-4443-a2bc-e3ddb891f609,Advanced Math,Nonlinear equations in one variable and systems of equations in two variables,E
7bd10ef3,08326-DC,Advanced Math,Nonlinear equations in one variable and systems of equations in two variables,H
2fec8bf4,e9d27a82-510c-4c48-a723-ee345529a8fb,Advanced Math,Nonlinear functions,E
e166aca6,52978a8b-cb33-43f8-a130-45f92771e3d0,Advanced Math,Nonlinear functions,E
f28944ff,7888cfcc-ba3d-422a-be02-86652b46cb9d,Advanced Math,Nonlinear functions,M
11ccf3e1,b427042f-bfeb-436d-a1d2-2b4035d2e0dd,Advanced Math,Nonlinear equations in one variable and systems of equations in two variables,M
50e40f08,e3e1bd01-4a4e-4c9c-8e91-28a5165667b6,Advanced Math,Nonlinear functions,M
e11294f9,2c7c5018-d050-4b02-9835-da06930bf5a0,Advanced Math,Nonlinear equations in one variable and systems of equations in two variables,H
772de699,a7c54228-4ce0-4f08-8ae4-811ea92339af,Advanced Math,Equivalent expressions,E
03ff48d2,75273fff-e1a3-4a75-a92d-7cecf27c2bd7,Advanced Math,Nonlinear equations in one variable and systems of equations in two variables,H
7028c74f,c442bd01-c336-457a-a300-cc899742f16e,Advanced Math,Nonlinear equations in one variable and systems of equations in two variables,H
cfff8f8e,2d504a02-4e7f-409c-a455-32753236fe82,Advanced Math,Nonlinear functions,E
c4259674,0ef7164f-e18c-4aa3-999c-ece225b93166,Advanced Math,Nonlinear functions,M
88867d37,1b4d39f7-ca42-438f-8931-7679b4d7cc6d,Advanced Math,Nonlinear equations in one variable and systems of equations in two variables,E
88a0c425,87a33c1a-0dd6-4c06-953e-5ebde0abb83e,Advanced Math,Nonlinear equations in one variable and systems of equations in two variables,H
13e57f0a,d92caabb-d558-4de0-984a-c30db0f20ddd,Advanced Math,Nonlinear equations in one variable and systems of equations in two variables,M
02489d55,70a9ddd5-661b-45e3-b279-9c6de073b79d,Advanced Math,Equivalent expressions,E
be0c419e,d73707f3-c5fe-430b-8799-06ef95532995,Advanced Math,Nonlinear functions,M
8462b105,bb4ceae0-91ef-4a7e-8a48-9eecde3713f6,Advanced Math,Nonlinear functions,H
ce579859,7bb5425b-4812-479b-b73a-acf842444820,Advanced Math,Nonlinear functions,H
5355c0ef,01383d90-cb64-4777-9f89-45b8dfe8c286,Advanced Math,Equivalent expressions,H
2f51abc2,72f977c3-5379-42b1-947f-d9fc4dbc27fb,Advanced Math,Nonlinear functions,H
17d0e87d,b026d255-ee45-4659-b390-1b694d47296b,Advanced Math,Nonlinear equations in one variable and systems of equations in two variables,H
a1bf1c4e,00664-DC,Advanced Math,Equivalent expressions,M
c81b6c57,08243-DC,Advanced Math,Equivalent expressions,H
d139cf4b,581cd95e-37cf-4835-9e46-c492ec9a8f24,Advanced Math,Nonlinear functions,H
802549ac,027749-DC,Advanced Math,Nonlinear equations in one variable and systems of equations in two variables,M
75a32330,3fb87a51-838d-423b-8abf-0dca2a3cf712,Advanced Math,Nonlinear equations in one variable and systems of equations in two variables,M
a4f61d75,070620-DC,Advanced Math,Nonlinear equations in one variable and systems of equations in two variables,M
e1f9000d,ff8903c3-0d12-4c8b-8aef-3372dfbd9793,Advanced Math,Nonlinear functions,M
a31417d1,028933-DC,Advanced Math,Nonlinear functions,M
66bce0c1,11192-DC,Advanced Math,Nonlinear equations in one variable and systems of equations in two variables,H
97e50fa2,070621-DC,Advanced Math,Nonlinear equations in one variable and systems of equations in two variables,H
6d04c89d,63296c8a-e373-4a99-89f1-f1ceaa55e479,Advanced Math,Equivalent expressions,M
c946d5bd,f4d42535-f2e1-455c-b197-383e00a2a878,Advanced Math,Nonlinear functions,H
ebb717ab,c9d1415e-a7ee-4cc6-826b-fc650c58fc3b,Advanced Math,Nonlinear equations in one variable and systems of equations in two variables,H
e51bf5b1,6291292e-680f-4ffb-9f2e-4bf638eaee8d,Advanced Math,Equivalent expressions,H
197bed38,518e7cca-1f28-4828-8926-524f47cebb81,Advanced Math,Nonlinear functions,M
9afe2370,08155-DC,Advanced Math,Nonlinear functions,H
60fdb4d4,05476-DC,Advanced Math,Equivalent expressions,E
ad376f1a,5943941c-677e-4c02-9da5-eddac62bf566,Advanced Math,Nonlinear functions,E
bd4d0e0c,85dc4466-29e1-4dd1-8c9b-cf1c1f0d641f,Advanced Math,Nonlinear functions,E
db888cd6,433ee68c-fedc-4334-84d7-4032b35bf0e2,Advanced Math,Nonlinear functions,M
df71424b,92038ced-e8e7-4472-a025-2fd98e61dd44,Advanced Math,Nonlinear functions,H
6ecdbcb4,91bb6f2f-9d21-4a10-add7-5e0ad39aece8,Advanced Math,Nonlinear functions,M
7cb3a8ee,bb261990-bccf-4eea-bddb-5b86e004de1f,Advanced Math,Nonlinear equations in one variable and systems of equations in two variables,E
967ef685,f85f6f30-eece-4b2b-bbc1-5c3690c1998f,Advanced Math,Equivalent expressions,H
0bebc08c,10aa6d6b-7baa-40a7-91f3-b2715a65ebc6,Advanced Math,Nonlinear equations in one variable and systems of equations in two variables,E
c13016f9,f7def592-aac8-4d10-bb76-680518e870b2,Advanced Math,Nonlinear functions,E
203774bc,a8304c28-11ca-4f4b-b7bf-4379eab3e67e,Advanced Math,Nonlinear functions,M
b7c74b73,821bb037-c906-433b-a30b-6197a4337fb6,Advanced Math,Nonlinear functions,H
c1964c11,e39fd227-fde8-40e7-97f3-74c7621ac276,Advanced Math,Nonlinear equations in one variable and systems of equations in two variables,E
3d12b1e0,22d60924-a9af-42ee-8e63-30a79298bfb3,Advanced Math,Nonlinear equations in one variable and systems of equations in two variables,H
2c88af4d,00538-DC,Advanced Math,Equivalent expressions,H
7d3a84bf,c4bea442-d7d0-404b-a78a-6881543f941b,Advanced Math,Nonlinear functions,M
c4cd5bcc,029475-DC,Advanced Math,Nonlinear functions,M
dc77e0dc,044c0858-a7b2-4913-8535-7de0c2051f19,Advanced Math,Nonlinear functions,M
062f86db,36a520ca-4944-44ee-bfd7-ed88c78436ef,Advanced Math,Nonlinear equations in one variable and systems of equations in two variables,M
0a74365c,ff0ab105-aa85-4cb3-a07f-f00a7c55c4e3,Advanced Math,Nonlinear functions,M
ffdbcad4,4b8535d8-7c5d-4bfd-9256-245ea6bb505f,Advanced Math,Equivalent expressions,H
735a0a00,f41f1cb2-304e-4865-a112-f9de1e665a43,Advanced Math,Nonlinear functions,M
68607eca,ca334282-00d9-4e64-9f61-edc6bc5d7646,Advanced Math,Nonlinear functions,M
2d394c28,58bfb590-016f-4bec-8d23-459d22e7482a,Advanced Math,Nonlinear functions,E
71014fb1,c324ef1d-80fd-41a5-9609-8658df690543,Advanced Math,Nonlinear equations in one variable and systems of equations in two variables,H
5639dd1a,aeb387c2-21cb-4d5a-ab7d-88f31fa270af,Advanced Math,Nonlinear equations in one variable and systems of equations in two variables,E
4a5af623,21bb428c-50de-4b82-ba02-72c7b6db2d11,Advanced Math,Equivalent expressions,E
22fd3e1f,09413-DC,Advanced Math,Equivalent expressions,H
717a1964,46dc5769-2263-4a0c-adbe-bfe4c54562bc,Advanced Math,Nonlinear equations in one variable and systems of equations in two variables,M
2b6c12eb,43c1b9bd-91a3-4f33-8ec6-ca10f3f10196,Advanced Math,Nonlinear functions,E
4dc5c6f9,6b9ef50f-0c40-4a0e-bd2f-1b39517b56d6,Advanced Math,Nonlinear equations in one variable and systems of equations in two variables,H
78d5f91a,029384-DC,Advanced Math,Nonlinear functions,M
d675744f,027803-DC,Advanced Math,Nonlinear functions,M
79e6ec70,0eaf53b0-0c3b-45a2-bf0d-c423f1999a0d,Advanced Math,Nonlinear functions,E
a0b4103e,00489-DC,Advanced Math,Equivalent expressions,H
5377d9cf,05723-DC,Advanced Math,Nonlinear functions,E
565428e1,763bb625-3667-4ea6-af9f-195d80193bdb,Advanced Math,Equivalent expressions,H
2cd6b22d,6c2521be-efeb-4288-b874-77e68fac25dd,Advanced Math,Nonlinear equations in one variable and systems of equations in two variables,H
f2d60b99,e0e29be6-463f-477b-a2c1-4960db142fa1,Advanced Math,Nonlinear functions,H
f880f910,fdf648c1-f590-4c15-b580-2bbbdeb7df2f,Advanced Math,Nonlinear functions,M
36b6f8ba,7a673830-c24f-450c-9dbf-0cbce334c119,Advanced Math,Nonlinear functions,H
e9349667,09289-DC,Advanced Math,Nonlinear equations in one variable and systems of equations in two variables,H
67f4b449,969792b2-4ab7-4fe4-8d9e-e1a709101015,Advanced Math,Nonlinear functions,M
49efde89,022215-DC,Advanced Math,Equivalent expressions,E
44076c7d,664fb796-9a6b-4891-a961-52cdf5f5b989,Advanced Math,Nonlinear functions,M
1f353a9e,baa55cdd-6e64-416a-8f18-d484e43741e8,Advanced Math,Nonlinear functions,H
3f8d5876,39a54602-89bd-4494-9358-17d9877e73da,Advanced Math,Nonlinear equations in one variable and systems of equations in two variables,E
b03adde3,11289-DC,Advanced Math,Nonlinear equations in one variable and systems of equations in two variables,H
1ce9ffcd,a5f0747c-79a9-4cc0-a9eb-aa9d68a2d5e8,Advanced Math,Nonlinear equations in one variable and systems of equations in two variables,H
104bff62,52397fe6-3bd5-4193-935e-114ea31cb4b0,Advanced Math,Nonlinear equations in one variable and systems of equations in two variables,H
270cf326,5291f5d1-e675-4632-9051-76a6be583d50,Advanced Math,Nonlinear functions,H
fad2f98c,02431d60-e74e-4725-8ae2-b4a8af3e1ddd,Advanced Math,Nonlinear equations in one variable and systems of equations in two variables,M
a267bd29,040b3ec1-691d-42ae-92e9-096acde7ab60,Advanced Math,Nonlinear equations in one variable and systems of equations in two variables,M
75915e3c,032723-DC,Advanced Math,Nonlinear functions,E
f44a29a8,045551-DC,Advanced Math,Nonlinear functions,M
d3f7c429,7a8d2bc5-8edd-45eb-a918-924e8cba8608,Advanced Math,Nonlinear equations in one variable and systems of equations in two variables,E
92f812bb,17ec22bd-b74b-4395-bda1-506081819636,Advanced Math,Nonlinear functions,H
f547a8b1,2deb518b-5f4a-45ec-828f-20051b7eb7aa,Advanced Math,Nonlinear functions,E
b8c4a1cd,6130d2b7-20eb-4881-8cfa-8ee3adb6499e,Advanced Math,Nonlinear equations in one variable and systems of equations in two variables,E
2f4eafcc,752821ca-8045-45d2-afe6-e57b8760f5f1,Advanced Math,Nonlinear functions,E
7dbd46d9,ab551853-877a-4560-a1dc-8c5843c3aa42,Advanced Math,Nonlinear equations in one variable and systems of equations in two variables,H
0121a235,025785-DC,Advanced Math,Nonlinear functions,H
9da41c80,e599f748-6055-4c3c-83f8-5366aad721b3,Advanced Math,Nonlinear functions,E
7160cbb3,d359151d-6c08-4338-b308-8a73c712373f,Advanced Math,Nonlinear functions,E
d71f6dbf,016491-DC,Advanced Math,Nonlinear functions,M
630897df,09153-DC,Advanced Math,Nonlinear equations in one variable and systems of equations in two variables,M
20722644,3412b211-d5f8-400a-988e-f1dd95e0d2e3,Advanced Math,Nonlinear functions,E
5805e747,891c7c48-227c-4992-acdb-e5e19b360217,Advanced Math,Equivalent expressions,M
158591f0,30e5c8c1-d494-443c-a28f-3d8867feefed,Advanced Math,Nonlinear equations in one variable and systems of equations in two variables,H
7fe7cf26,dc882084-e2b9-4e68-92b2-78a7a8f89acd,Advanced Math,Nonlinear functions,E
bba18ecb,a5817e09-28f5-4ad8-9f99-d3d5b3651286,Advanced Math,Nonlinear functions,H
668f1863,f78208f1-bb88-4092-9147-edda34ecda72,Advanced Math,Nonlinear functions,H
70753f99,08364-DC,Advanced Math,Nonlinear functions,H
c6e85cd7,262f0667-b95d-4adf-bdd9-ff689f8a3811,Advanced Math,Equivalent expressions,H
568aaf27,032680-DC,Advanced Math,Nonlinear equations in one variable and systems of equations in two variables,E
6aefc52b,c7ec775c-6d72-46ae-8501-bb2d64052015,Advanced Math,Nonlinear equations in one variable and systems of equations in two variables,H
55c5d3c2,52a0019a-5b36-4d56-b8de-878dbc9fd5fd,Advanced Math,Nonlinear functions,H
5e63b9cf,e07cc332-1b7d-4d38-a472-8db2ff2d4e41,Advanced Math,Nonlinear functions,E
6676f055,09291-DC,Advanced Math,Nonlinear functions,M
29ed5d39,0de0c801-a394-401e-86d9-293cbb485a91,Advanced Math,Nonlinear equations in one variable and systems of equations in two variables,M
90bcaa61,6951ac71-d64f-4a32-b84a-46f30f206692,Advanced Math,Nonlinear functions,M
895628b5,ae003425-4a05-45a2-b10f-6a51a4a26073,Advanced Math,Nonlinear equations in one variable and systems of equations in two variables,M
8f82ad81,1620a4b4-e1d2-49e7-aae0-096ea9b959f1,Advanced Math,Equivalent expressions,E
26eb61c1,322bacf8-a04d-4c31-8a29-228d7b8ccca3,Advanced Math,Equivalent expressions,M
c9417793,b40bb858-a515-41ac-963c-90f9040a57b8,Advanced Math,Nonlinear equations in one variable and systems of equations in two variables,H
8f65cddc,5041d89b-afb9-486c-83f0-f085fe47f197,Advanced Math,Nonlinear equations in one variable and systems of equations in two variables,M
2926cc6d,4f0d6e7c-87b5-4c6c-85c3-06cd2c4aedbe,Advanced Math,Nonlinear equations in one variable and systems of equations in two variables,M
dd8ac009,dbd2580c-f8fe-48de-b7f0-838c5fe91f7c,Advanced Math,Nonlinear functions,M
3cce51ea,7fb0079b-bb84-4295-8b22-1174f114e4e5,Advanced Math,Nonlinear equations in one variable and systems of equations in two variables,E
58dcc59f,06375-DC,Advanced Math,Nonlinear functions,H
2d1614a1,e6248b96-6cdd-48a4-a20b-dc4b62d59d56,Advanced Math,Nonlinear functions,H
d0e8e8f5,8900a10b-e0a1-45fb-9e6e-fa09017b372e,Advanced Math,Nonlinear equations in one variable and systems of equations in two variables,E
9ed9f54d,016559-DC,Advanced Math,Equivalent expressions,E
7a8cb72a,31e60f67-d044-449f-abb3-8104b7c7e268,Advanced Math,Nonlinear equations in one variable and systems of equations in two variables,E
dbe9b217,20b0ac3b-55d7-436b-be64-cb9086cccb62,Advanced Math,Nonlinear functions,M
16aa9758,37d40ac0-74f9-4d4a-8168-1a7d28a874f2,Advanced Math,Nonlinear functions,H
18c7c3e0,4aae6d4f-125f-4c81-812c-7d232ae7986c,Advanced Math,Equivalent expressions,E
30281058,031698-DC,Advanced Math,Nonlinear equations in one variable and systems of equations in two variables,H
42f19012,4544da8e-b007-4229-a855-ce10c2bbf557,Advanced Math,Equivalent expressions,M
294db8ec,031616-DC,Advanced Math,Equivalent expressions,E
2f8a580c,84e5072e-3d6b-4453-a0ee-23b7b7999691,Advanced Math,Nonlinear functions,E
84dd43f8,2b6d8220-3a75-42df-a439-6f01d10147a0,Advanced Math,Nonlinear functions,H
9ff88bb5,2b50d060-8469-4554-937e-da992751dc98,Advanced Math,Nonlinear functions,M
94ff3e2d,407267f8-d51c-4b0c-bd4e-fec1fe7b71c8,Advanced Math,Nonlinear functions,E
59d1f4b5,019576-DC,Advanced Math,Nonlinear functions,H
281a4f3b,025038-DC,Advanced Math,Nonlinear functions,M
4fb8a648,ba1a8be9-37d7-4a8f-80c3-300f4e67565d,Advanced Math,Nonlinear equations in one variable and systems of equations in two variables,H
72ae8a87,d38233c5-51bc-4d5b-b405-07bfe9387efc,Advanced Math,Nonlinear functions,E
5ae4803e,0b84481f-8e4b-4584-b01c-7c57d2cb39f6,Advanced Math,Nonlinear equations in one variable and systems of equations in two variables,M
133f3e41,2ce9766f-6e56-4ce6-be93-f8ca5401d22d,Advanced Math,Nonlinear equations in one variable and systems of equations in two variables,H
f237ccfc,09133-DC,Advanced Math,Equivalent expressions,M
a391ed22,070623-DC,Advanced Math,Equivalent expressions,M
b3b07f0c,853afe28-d4da-47b1-abf4-817c4a543239,Advanced Math,Nonlinear functions,M
01668cd6,68f5f6ee-c704-4500-882b-ba9cb2d1a598,Advanced Math,Nonlinear functions,H
95eeeb5b,e03b8f0c-00cb-46f3-af40-2ba9b200ab9c,Advanced Math,Nonlinear functions,H
c77ef2fb,015183-DC,Advanced Math,Nonlinear equations in one variable and systems of equations in two variables,M
7399c3b0,0dbf87b9-1746-41f3-8964-f290345cd695,Advanced Math,Nonlinear equations in one variable and systems of equations in two variables,E
99c5e794,b43f007e-8a7c-48b8-8a0a-eeb0f65e3faf,Advanced Math,Nonlinear functions,M
5ae186b4,ae0f3b56-b349-4863-90be-5dfd21f6eebd,Advanced Math,Nonlinear equations in one variable and systems of equations in two variables,M
b76a2815,019519-DC,Advanced Math,Nonlinear equations in one variable and systems of equations in two variables,E
364a2d25,070619-DC,Advanced Math,Nonlinear equations in one variable and systems of equations in two variables,M
1be909aa,d469dd2b-510b-49e3-b521-1271ecbbfa1e,Advanced Math,Equivalent expressions,M
bdb0aa23,e2375cf4-517a-4d38-94ef-5c6c3cc7b879,Advanced Math,Equivalent expressions,E
100030d9,070617-DC,Advanced Math,Nonlinear functions,M
09f58996,a6fb9475-3880-4ae5-952c-4bbb83ee59af,Advanced Math,Nonlinear functions,E
d84a514a,5d453a5b-d7a9-40ac-92b4-8a1f6744f99e,Advanced Math,Nonlinear functions,E
beb86a0c,8ef4c8a0-31ce-4c6e-b0e5-d7b0b944b67d,Advanced Math,Equivalent expressions,E
5910bfff,029000-DC,Advanced Math,Nonlinear equations in one variable and systems of equations in two variables,H
7ba694f3,d1baa89a-a42c-46e1-a485-7574f59a8753,Advanced Math,Nonlinear functions,M
fbb96bb1,3855194f-20fa-4907-9dfd-8097f615bdff,Advanced Math,Nonlinear equations in one variable and systems of equations in two variables,H
63c00e2b,7ba8f490-3a61-4ed0-b1ca-fedbddefc140,Advanced Math,Nonlinear equations in one variable and systems of equations in two variables,E
6e06a0a7,029332-DC,Advanced Math,Equivalent expressions,E
ad038c19,00094-DC,Advanced Math,Equivalent expressions,H
c7a187a7,ccdb450a-31b3-42ec-9532-4859dd3972c3,Advanced Math,Nonlinear functions,M
ebe4bde0,025654-DC,Advanced Math,Nonlinear functions,E
ef926848,c99a75dd-0256-4d13-b211-eb05d63ef00d,Advanced Math,Nonlinear functions,H
77c0cced,91e78971-fbd4-44f8-ad04-97fb96cf9931,Advanced Math,Nonlinear equations in one variable and systems of equations in two variables,H
635f54ee,05720-DC,Advanced Math,Nonlinear functions,H
c99d154a,6f8b1a0e-8c22-4208-8038-796a6de480d4,Advanced Math,Nonlinear functions,E
a26c29f7,e647a4e3-60a1-4bf3-8ceb-4b40a8d430f1,Advanced Math,Nonlinear functions,M
99269e03,f8a92cc0-95bf-4c16-8e6e-b31fa01f8b52,Advanced Math,Nonlinear functions,M
a1262cdb,4f8dda48-f98a-469b-b065-7f377d7390ab,Advanced Math,Nonlinear equations in one variable and systems of equations in two variables,M
893c7519,56af9a6d-1c30-4ea5-a528-45b60f366d79,Advanced Math,Nonlinear functions,E
0980fcdd,035714-DC,Advanced Math,Nonlinear equations in one variable and systems of equations in two variables,M
e1391dd6,025772-DC,Advanced Math,Nonlinear functions,M
3c600337,35058beb-41fe-4d27-9257-454cd92cb3f3,Advanced Math,Nonlinear functions,M
3ea87153,cecc8739-2d4c-4044-8624-baee7ca16ce6,Advanced Math,Nonlinear functions,E
290cdc2c,2f0bba12-b9f1-460c-b120-0adaf38cf4db,Advanced Math,Equivalent expressions,E
87a3de81,11250-DC,Advanced Math,Nonlinear equations in one variable and systems of equations in two variables,M
499cb491,4363efa2-3674-407a-a249-7f0cf0daff53,Advanced Math,Equivalent expressions,E
d46da42c,021441-DC,Advanced Math,Nonlinear functions,E
4209aefe,e10027a7-cac8-4ca2-855a-ca3f00b55687,Advanced Math,Nonlinear functions,M
482a445b,37e39587-24a9-4c5a-b541-d42a0a10ed7a,Advanced Math,Equivalent expressions,M
f1fa0821,8fbdc9d2-8c5f-4da3-98db-20599f2fff76,Advanced Math,Nonlinear functions,M
1697ffcf,06323-DC,Advanced Math,Nonlinear equations in one variable and systems of equations in two variables,H
5bf0f84a,10571-DC,Advanced Math,Nonlinear functions,M
4b6f0a3f,8c08419c-177e-4194-8d6c-68c4aa493232,Advanced Math,Nonlinear equations in one variable and systems of equations in two variables,M
c048055c,b43f007e-8a7c-48b8-8a0a-eeb0f65e3faf,Advanced Math,Nonlinear functions,M
70ebd3d0,025702-DC,Advanced Math,Nonlinear functions,M
70fb357b,cc127122-7a04-46bf-bc9e-396d6ef2a10a,Advanced Math,Nonlinear functions,H
20291f47,7c3cceff-5961-4825-a23b-44ce88420238,Advanced Math,Equivalent expressions,H
42f8e4b4,44b4a3f1-1823-4c9d-984b-a4ea335c95ad,Advanced Math,Equivalent expressions,H
0f9f8ea7,40adf1b6-46fb-41b3-a10c-d6c1ab8c28c8,Advanced Math,Nonlinear functions,M
a67a439d,cd40484a-aae7-48a6-883c-e658d661353a,Advanced Math,Nonlinear equations in one variable and systems of equations in two variables,E
de39858a,1456688b-dc2f-4218-865c-e9bd32de6518,Advanced Math,Nonlinear functions,H
2683b5db,015647-DC,Advanced Math,Nonlinear equations in one variable and systems of equations in two variables,M
d41cf4d3,c33f8edf-4790-4382-963c-36f09a033f73,Advanced Math,Nonlinear functions,H
1178f2df,b47b1926-6e95-4552-8fc8-d6ec1af4c692,Advanced Math,Nonlinear functions,H
ce940f80,5dbe783c-201f-4b4a-86db-5f63b8c1f0cc,Advanced Math,Nonlinear equations in one variable and systems of equations in two variables,E
45df91ee,73405bf8-4af6-4fad-9344-e38505f18416,Advanced Math,Nonlinear functions,M
c8a5c221,902558e4-018d-442f-a571-ef4e6c7c9fae,Advanced Math,Equivalent expressions,H
67e866b5,9c3d170a-52ba-4266-b573-bfa73fbbe581,Advanced Math,Equivalent expressions,E
40f2e601,3ebd45be-873f-4edf-8055-3fd8a34ced59,Advanced Math,Nonlinear equations in one variable and systems of equations in two variables,M
fd65f47f,d3f7c3fc-9ac9-456f-8bf8-53653016b0fb,Advanced Math,Equivalent expressions,E
7f87deff,783877b4-b840-4260-8d01-4234651d93c4,Advanced Math,Nonlinear functions,M
97158b3a,ce714e5d-1fb7-44e8-bfbc-55e6659cac72,Advanced Math,Nonlinear functions,M
84e8cc72,ad9d7217-a0fd-419c-b72d-02d82ef7e7c4,Advanced Math,Nonlinear functions,H
0ad5012e,b58ee74d-9a79-4ad3-b997-7fb216ab725f,Advanced Math,Nonlinear functions,E
5c7d5744,6a66013a-b796-4e4b-addb-dcd19f49d6f3,Advanced Math,Nonlinear equations in one variable and systems of equations in two variables,E
12e7faf8,025860-DC,Advanced Math,Equivalent expressions,H
24016dee,74b2dded-7f3f-4e1c-ba2e-dada922f008c,Advanced Math,Equivalent expressions,M
89fc23af,05695-DC,Advanced Math,Equivalent expressions,H
041eda89,51befb2a-39f3-4194-bd65-5c08a93e42cc,Advanced Math,Nonlinear equations in one variable and systems of equations in two variables,H
d8ace155,edb987d4-772f-4ea6-8b75-8cd93a8fc5c8,Advanced Math,Nonlinear functions,M
c3a72da5,029468-DC,Advanced Math,Equivalent expressions,M
5a74f696,29fc6f6a-c78f-4294-a4fc-98e4343406e7,Advanced Math,Nonlinear functions,E
911c415b,08605-DC,Advanced Math,Equivalent expressions,H
1863e3be,2c8d6c87-c4db-4555-8418-f31510d6ec98,Advanced Math,Nonlinear functions,E
dba7432e,017018-DC,Advanced Math,Nonlinear functions,M
b74f2feb,e7cb9147-ae39-47e9-a4cb-da0cfbf0b250,Advanced Math,Equivalent expressions,H
16de54c7,027180-DC,Advanced Math,Equivalent expressions,M
2f958af9,04588-DC,Advanced Math,Nonlinear equations in one variable and systems of equations in two variables,M
4d425cef,faf32f9b-26f8-4ad5-8215-b6f52b1118f5,Advanced Math,Nonlinear functions,M
cbc4c163,59addf61-9f46-4c0d-9dce-ebce1fa135b7,Advanced Math,Nonlinear functions,M
5edc8c98,6bc7b975-d9d8-4ebf-a201-229c5335d826,Advanced Math,Nonlinear equations in one variable and systems of equations in two variables,H
c7789423,48cc6531-d8e0-4647-ac35-96cd60c2ea06,Advanced Math,Nonlinear equations in one variable and systems of equations in two variables,E
ca4ee54e,83b9a6a0-309d-476f-bd88-5134eb899234,Advanced Math,Nonlinear functions,E
d9137a84,4374fa03-6222-4e03-a842-f2d7a77397bb,Advanced Math,Equivalent expressions,M
876a731c,05314-DC,Advanced Math,Nonlinear equations in one variable and systems of equations in two variables,M
cd358b89,e5580e8a-65b2-4cef-9984-856a4c58c355,Advanced Math,Nonlinear functions,H
f89e1d6f,08128-DC,Advanced Math,Equivalent expressions,H
ff2e5c76,5069a621-921f-40db-8e07-7253b4a9383b,Advanced Math,Nonlinear equations in one variable and systems of equations in two variables,H
c8bf5313,e223b909-79a8-46de-a366-14993592a4c7,Advanced Math,Nonlinear equations in one variable and systems of equations in two variables,E
c1eead73,cd3ef442-8790-4484-ae9f-8b639799e10a,Advanced Math,Nonlinear functions,E
3934dd0a,d431ba6d-965f-4df7-a8ee-357948a9d74e,Advanced Math,Nonlinear equations in one variable and systems of equations in two variables,M
df0ef054,025717-DC,Advanced Math,Equivalent expressions,E
f1c81b3b,9accecc3-e743-4bfa-9e4f-235283d99abd,Advanced Math,Nonlinear functions,M
bef4b1c6,f70845bb-9302-4075-b020-3ece6ab22306,Advanced Math,Nonlinear equations in one variable and systems of equations in two variables,M
c19d1fb0,d0812cf6-f4e9-4df1-9620-878d9a37d592,Advanced Math,Nonlinear functions,M
3e9cc0c2,09404-DC,Advanced Math,Equivalent expressions,M
2c5c22d0,09411-DC,Advanced Math,Nonlinear equations in one variable and systems of equations in two variables,H
f678483b,6233db14-f861-4237-b90c-a47a7b724601,Advanced Math,Nonlinear functions,H
7348f046,022343-DC,Advanced Math,Equivalent expressions,M
0aaef7aa,62b8544c-e4cc-4953-8687-0729c0554f61,Advanced Math,Nonlinear functions,M
928498f3,027107-DC,Advanced Math,Nonlinear equations in one variable and systems of equations in two variables,M
26e83bbc,ba562150-ace0-4dca-b1c3-c7c1019ccee7,Advanced Math,Equivalent expressions,M
b7cd6ca6,8472776c-becb-4a82-bf1b-aa29eb25da77,Advanced Math,Nonlinear functions,M
04b985e6,f45f8ef3-75e8-4989-991d-8bcf481614f7,Advanced Math,Nonlinear functions,E
b47419f4,05487-DC,Advanced Math,Equivalent expressions,M
fc3dfa26,025616-DC,Advanced Math,Nonlinear equations in one variable and systems of equations in two variables,H
8838a672,029490-DC,Advanced Math,Equivalent expressions,M
eb268057,027912-DC,Advanced Math,Nonlinear equations in one variable and systems of equations in two variables,E
f76c1858,692774ab-373f-4544-a043-aea38e8b5f3f,Advanced Math,Nonlinear equations in one variable and systems of equations in two variables,M
6d9e01a2,1010a838-bf8c-4e58-8c76-a23fa7c4ee2b,Advanced Math,Nonlinear functions,H
0af701e7,00d08c52-5d90-46ea-83d3-f3cc7ab08588,Advanced Math,Nonlinear functions,M
9f2ecade,021312-DC,Advanced Math,Nonlinear functions,H
dd3a910a,7a8d2bc5-8edd-45eb-a918-924e8cba8608,Advanced Math,Nonlinear equations in one variable and systems of equations in two variables,E
2cf7f039,e0bc2b05-f917-4d64-b9ad-36fa20c0b430,Advanced Math,Nonlinear functions,E
0b3d25c5,025800-DC,Advanced Math,Equivalent expressions,M
083ef63a,63c46f21-221b-43b6-8f48-c9ab2ebf8eb3,Advanced Math,Nonlinear functions,H
d45572cc,87aede6d-89e4-4d41-9c3c-af1ae260cc3a,Advanced Math,Nonlinear functions,E
6011a3f8,47af8694-05ad-4849-a1fb-69bbee9cc524,Advanced Math,Nonlinear equations in one variable and systems of equations in two variables,H
0e61101e,7fc3b869-8f5c-4c0b-a28b-acbe8ea76ddf,Advanced Math,Nonlinear functions,H
e117d3b8,08224-DC,Advanced Math,Equivalent expressions,H
f44b4125,24e16e9f-c530-4992-98b0-9848ddf76fbb,Advanced Math,Nonlinear functions,H
7a6d06bf,6e108e29-0eee-4507-8a4a-45c4b2c82383,Advanced Math,Nonlinear functions,H
04bbce67,59249867-1d27-418b-aac8-59cddb26069b,Advanced Math,Nonlinear functions,H
4880eecb,3f8c2f2d-abee-4738-aab3-11a77be98e29,Advanced Math,Nonlinear functions,M
e8779461,a06c928d-bb2e-484a-9091-bfb1ee3246e4,Advanced Math,Nonlinear equations in one variable and systems of equations in two variables,M
50338a48,56e878c9-7295-480c-8ba1-5c2246df36be,Advanced Math,Equivalent expressions,E
98f735f2,016505-DC,Advanced Math,Nonlinear equations in one variable and systems of equations in two variables,E
79ba511a,b0bf4cfd-4fbe-4424-acc0-d7a7f44468f7,Advanced Math,Nonlinear functions,E
dcf63c94,406ed77a-b110-44a7-9d44-1c6ff1aa5918,Advanced Math,Nonlinear functions,H
26f5269a,591c966e-550b-4b07-97bb-f659afe623d8,Advanced Math,Nonlinear functions,E
50418728,a32cd185-f66c-43e0-b4ca-8c66da898744,Advanced Math,Nonlinear functions,E
9cb9beec,00272e26-db4e-4b57-b229-9040d402e42f,Advanced Math,Nonlinear equations in one variable and systems of equations in two variables,H
f5e8ccf1,028940-DC,Advanced Math,Nonlinear functions,M
127b2759,4331067c-b0f9-4aaf-a21b-3d660144cf68,Advanced Math,Equivalent expressions,E
02c67921,fc448e0e-6144-425a-a9b3-2ff8ee674f1b,Advanced Math,Nonlinear functions,E
2b1a27cd,2da8e72d-a24c-49d7-a9ed-5f47b4fecf08,Advanced Math,Nonlinear functions,H
1073d70c,df267826-c54f-44df-bbc4-03bc6a5415ad,Advanced Math,Nonlinear functions,H
dc67c130,ba751bc0-12b0-41ac-9d53-b1375e5b11f4,Advanced Math,Equivalent expressions,E
fb96a5b3,028884-DC,Advanced Math,Equivalent expressions,E
aa95fb33,9025546d-7856-480c-9be8-6cbd532f45ee,Advanced Math,Nonlinear functions,M
09e5e4d3,3ba3f345-5069-44e0-84d8-8513595b8722,Advanced Math,Nonlinear equations in one variable and systems of equations in two variables,M
1fe10d97,fb591f40-b171-470c-ab62-48c9c0ee004b,Advanced Math,Nonlinear functions,H
5f07b257,d6f230e9-a5fd-4506-837c-cde890c380bc,Advanced Math,Nonlinear functions,E
6acdcece,7b75e7d1-53d8-4028-84e1-be077af6c888,Advanced Math,Nonlinear equations in one variable and systems of equations in two variables,M
7355b9d9,b76e28cc-fee7-47dc-ae66-119a52a95d28,Advanced Math,Equivalent expressions,H
b73ee6cf,019540-DC,Advanced Math,Nonlinear functions,H
08d03fe4,25d9ebe8-a480-4c88-9e5d-9b4803a4780c,Advanced Math,Nonlinear functions,H
df747160,79ab98cb-39f9-474f-8017-4a2677075b32,Advanced Math,Equivalent expressions,E
3918e8bc,05eb7086-86be-4c43-bb55-070f148ab34a,Advanced Math,Nonlinear functions,M
d964bc26,fe86204c-5062-494c-9970-e8162c2a17f3,Advanced Math,Nonlinear equations in one variable and systems of equations in two variables,E
1dd13816,afeb4dfe-3156-4234-af28-242e9b1500f8,Advanced Math,Equivalent expressions,M
e597050f,7a034397-6081-46d4-b5f6-0a2735b3a604,Advanced Math,Equivalent expressions,E
7eed640d,019546-DC,Advanced Math,Nonlinear functions,H
494d247d,dad4b1da-ac0d-4094-a181-0c9e028aef62,Advanced Math,Nonlinear equations in one variable and systems of equations in two variables,E
30a07668,bf79b193-f7b7-4f48-a581-1f6665ce3add,Advanced Math,Nonlinear equations in one variable and systems of equations in two variables,M
2d2ab76b,08143-DC,Advanced Math,Nonlinear equations in one variable and systems of equations in two variables,M
de362c2f,6343862e-4b55-4888-a763-6c005c8707e0,Advanced Math,Nonlinear functions,E
5dd53f73,52214fdf-56c8-448c-ac5e-c62e616b3288,Advanced Math,Equivalent expressions,E
da602115,df05bbf9-4751-4ac6-b485-8df58c021387,Advanced Math,Nonlinear equations in one variable and systems of equations in two variables,M
43926bd9,029650-DC,Advanced Math,Nonlinear functions,H
1e8d7183,be5faa6c-0169-41dd-90d9-1eb1a8bdeca1,Advanced Math,Equivalent expressions,E
044c1cb7,4e837070-2e7d-4f56-993a-9d8d616e345b,Advanced Math,Nonlinear functions,E
7e5a3640,af32328c-4e46-4a53-b9c0-f627a4d608f9,Advanced Math,Nonlinear functions,M
fc2ec559,1b6bf314-ce44-468e-8236-7d3efe7c0c5f,Advanced Math,Nonlinear equations in one variable and systems of equations in two variables,E
faeae876,da10ca3e-b5b5-46f6-be6d-751c5687b72a,Advanced Math,Nonlinear equations in one variable and systems of equations in two variables,M
0354c7de,027693-DC,Advanced Math,Equivalent expressions,E
4d037075,5af7e994-3850-4c5c-987d-1213c4f6baf8,Advanced Math,Nonlinear functions,H
39652e93,b0ead772-4a2d-45aa-95e5-204e1ccfdb59,Advanced Math,Nonlinear functions,E
f25a34aa,6e51407b-255f-4375-91cf-b3145e516d19,Advanced Math,Nonlinear functions,H
4d7064a6,65743096-f9d1-4ab0-9a10-3acd3ea46114,Advanced Math,Nonlinear functions,H
4eaf0a3a,34c2743d-443b-43f9-ad72-c43601418315,Advanced Math,Equivalent expressions,M
c8e9a011,3a6913de-0959-40fb-980c-a37f8b9ee578,Advanced Math,Nonlinear equations in one variable and systems of equations in two variables,H
52e589f9,b790c80c-3eb0-4ef6-8101-d653f1487b32,Advanced Math,Nonlinear functions,M
7e6ea718,230aed17-3fcc-4941-9290-a69a66f31d95,Advanced Math,Nonlinear functions,H
a58232b7,5f865b4c-8ea2-42c5-aae5-8d455a024fd0,Advanced Math,Nonlinear functions,H
4993b828,98b110ad-3cb9-4925-831e-09572e226fda,Advanced Math,Nonlinear functions,M
508344ac,e31accbd-71ed-4323-82c0-b30186a84861,Advanced Math,Equivalent expressions,E
1853bb35,b76e3ad3-f70a-40d5-b897-a3b5e368da81,Advanced Math,Nonlinear functions,H
a54753ca,2dabc1f7-ef1b-4948-88ab-4a73835ddf68,Advanced Math,Nonlinear equations in one variable and systems of equations in two variables,H
c602140f,05799-DC,Advanced Math,Equivalent expressions,M
fcb78856,2b61c753-bb12-4153-963a-865282e1a793,Advanced Math,Nonlinear equations in one variable and systems of equations in two variables,E
a8ae0d22,0fbeb13e-6775-487f-8f08-a6bf51a5bad6,Advanced Math,Nonlinear functions,H
782a8a53,af1af0e8-fb4f-4830-9348-cc9508783406,Advanced Math,Nonlinear functions,E
cec36caf,79fcfcbb-499f-4f84-979c-55ad908c4878,Advanced Math,Nonlinear equations in one variable and systems of equations in two variables,E
fd4b2aa0,ff1e479f-7df1-4306-a31d-d9354d96102e,Advanced Math,Equivalent expressions,E
3e28a622,f827079b-37e0-4696-9873-897b36b24545,Advanced Math,Nonlinear functions,E
981aca65,585130f5-a566-4db1-900e-4f8d08cd67e6,Advanced Math,Nonlinear functions,M
bf704c34,c0817724-5c40-441b-9e3b-7d5c5dc9856c,Advanced Math,Nonlinear equations in one variable and systems of equations in two variables,E
4236c5a3,022943-DC,Advanced Math,Nonlinear equations in one variable and systems of equations in two variables,E
161126cf,c061fa3e-bd9b-463c-94fa-bfb0819fdf17,Advanced Math,Nonlinear functions,H
a7711fe8,020462-DC,Advanced Math,Nonlinear functions,H
7a4475df,bcebeee7-1522-4888-bc6b-06a4c5b1dae3,Advanced Math,Nonlinear functions,M
3b4b8831,72653ce5-1c87-4942-ba7c-3afa5b87ce0e,Advanced Math,Nonlinear equations in one variable and systems of equations in two variables,M
f5247e52,08453-DC,Advanced Math,Nonlinear equations in one variable and systems of equations in two variables,M
1a722d7d,04172-DC,Advanced Math,Nonlinear functions,H
be1b8c74,a1e6d838-3642-4546-9031-e113b254b3f2,Advanced Math,Nonlinear equations in one variable and systems of equations in two variables,M
f11ffa93,021044-DC,Advanced Math,Nonlinear equations in one variable and systems of equations in two variables,E
3a01a5ee,2ad6a2c3-2e30-4705-883b-851e5cc23933,Advanced Math,Nonlinear equations in one variable and systems of equations in two variables,H
6e7ae9fc,f54cf078-dbb9-4605-8b73-28108cb4c7b8,Advanced Math,Nonlinear functions,H
ee05c84e,021520-DC,Advanced Math,Nonlinear functions,E
5d93c782,f0feb4ae-ee24-4b97-b265-104550acbce4,Advanced Math,Equivalent expressions,E
5c00c2c1,032669-DC,Advanced Math,Nonlinear functions,M
974d33dc,017096-DC,Advanced Math,Equivalent expressions,E
d4d513ff,295f9556-4a27-49ca-b269-fb8917b7e050,Advanced Math,Equivalent expressions,E
48f83c34,917dab83-3019-497d-8e63-5d43c8147242,Advanced Math,Nonlinear functions,H
58b109d4,7e4cd51c-5329-4e8b-83dd-1416f04a294f,Advanced Math,Nonlinear equations in one variable and systems of equations in two variables,H
85939da5,070923-DC,Problem-Solving and Data Analysis,Inference from sample statistics and margin of error,H
3c8fdc40,d6f9ca5e-947e-4a5c-a0d0-de08d17d11f5,Problem-Solving and Data Analysis,"Ratios, rates, proportional relationships, and units",E
eccbf957,444b9b7a-9594-422f-b8a2-4e0df96ad5da,Problem-Solving and Data Analysis,Probability and conditional probability,E
affb2315,f12a8c8c-3eef-4c55-a726-f411ff595181,Problem-Solving and Data Analysis,Inference from sample statistics and margin of error,E
954943a4,070906-DC,Problem-Solving and Data Analysis,Percentages,H
1baffbcf,65f570ee-64b0-4f20-8200-435cc6939ac8,Problem-Solving and Data Analysis,Percentages,H
a5b069b4,cc8606cf-9fd8-4c61-9cb6-1bcb5b969d36,Problem-Solving and Data Analysis,One-variable data: Distributions and measures of center and spread,M
b1b5300b,025856-DC,Problem-Solving and Data Analysis,Probability and conditional probability,M
d28c29e1,019681-DC,Problem-Solving and Data Analysis,"Ratios, rates, proportional relationships, and units",M
1adb39f0,027709-DC,Problem-Solving and Data Analysis,Two-variable data: Models and scatterplots,M
555939d2,f9b50fe8-25d0-4faa-ad54-7ba7d01af7db,Problem-Solving and Data Analysis,"Ratios, rates, proportional relationships, and units",E
3f5398a6,029322-DC,Problem-Solving and Data Analysis,"Ratios, rates, proportional relationships, and units",E
b4912cc5,021593-DC,Problem-Solving and Data Analysis,"Ratios, rates, proportional relationships, and units",M
f890dc20,026380-DC,Problem-Solving and Data Analysis,One-variable data: Distributions and measures of center and spread,E
d3b9c8d8,16b20598-30a0-44b7-8771-8c87e56ec14b,Problem-Solving and Data Analysis,One-variable data: Distributions and measures of center and spread,H
65c49824,04778-DC,Problem-Solving and Data Analysis,Percentages,H
825b7490,e7ba7b4b-ddc3-498e-9508-402688a85aef,Problem-Solving and Data Analysis,"Ratios, rates, proportional relationships, and units",M
86636d8f,5979deaa-edcc-42e7-8d12-24a01cec2c7a,Problem-Solving and Data Analysis,"Ratios, rates, proportional relationships, and units",E
608cf8e2,d7e43cb0-447a-4672-bf3c-3e744dd7843f,Problem-Solving and Data Analysis,One-variable data: Distributions and measures of center and spread,H
fe4c1c9e,eae9c7b8-873d-4ff8-92bd-dffd8ccec2b8,Problem-Solving and Data Analysis,"Ratios, rates, proportional relationships, and units",E
1ea09200,029003-DC,Problem-Solving and Data Analysis,Evaluating statistical claims: Observational studies and experiments,H
82aaa0a1,027703-DC,Problem-Solving and Data Analysis,Two-variable data: Models and scatterplots,E
37930b2a,028921-DC,Problem-Solving and Data Analysis,Evaluating statistical claims: Observational studies and experiments,M
83272c51,070915-DC,Problem-Solving and Data Analysis,Two-variable data: Models and scatterplots,E
3310c2ab,d4996faa-e699-48e5-8816-df8bd4c0420c,Problem-Solving and Data Analysis,"Ratios, rates, proportional relationships, and units",M
4c774b00,11167-DC,Problem-Solving and Data Analysis,One-variable data: Distributions and measures of center and spread,M
1353b86e,021550-DC,Problem-Solving and Data Analysis,Probability and conditional probability,E
29fa7970,f5598292-13c4-4d60-8b84-b381d3c86f9c,Problem-Solving and Data Analysis,One-variable data: Distributions and measures of center and spread,E
d89c1513,022828-DC,Problem-Solving and Data Analysis,Probability and conditional probability,E
52f9a246,5028e152-9c24-4fde-a87c-5eb62669957e,Problem-Solving and Data Analysis,One-variable data: Distributions and measures of center and spread,E
000259aa,022849-DC,Problem-Solving and Data Analysis,"Ratios, rates, proportional relationships, and units",E
a456cfd2,d2d90742-b90d-4d9c-b0ec-3254255f86be,Problem-Solving and Data Analysis,One-variable data: Distributions and measures of center and spread,M
e1ad3d41,10247-DC,Problem-Solving and Data Analysis,Probability and conditional probability,M
3726e079,295c177c-ee26-49e1-8364-8c9b6677b31a,Problem-Solving and Data Analysis,"Ratios, rates, proportional relationships, and units",M
8baf2118,77c322ee-efee-4f19-ad6f-03294924b08f,Problem-Solving and Data Analysis,Two-variable data: Models and scatterplots,E
05195d8a,ccae50dc-b231-44c5-869e-aacfc573e043,Problem-Solving and Data Analysis,Percentages,M
ac5b6558,070916-DC,Problem-Solving and Data Analysis,Two-variable data: Models and scatterplots,E
46545dd6,070920-DC,Problem-Solving and Data Analysis,Probability and conditional probability,E
58a71e06,058dbe26-68a9-4661-8276-5e77b75ac679,Problem-Solving and Data Analysis,Percentages,E
4aaa9c42,ad721785-5e4c-4d71-bf8a-1acab4691b6c,Problem-Solving and Data Analysis,Percentages,H
16cea46c,027079-DC,Problem-Solving and Data Analysis,Probability and conditional probability,E
fb866265,3541703e-0b9d-494a-8a34-38ddbf560b9a,Problem-Solving and Data Analysis,Two-variable data: Models and scatterplots,H
bd90f87e,070905-DC,Problem-Solving and Data Analysis,Percentages,E
15d87c0f,b00de09c-a654-4119-9b48-e0de375ac094,Problem-Solving and Data Analysis,One-variable data: Distributions and measures of center and spread,E
312ba47c,d88daa3d-713d-4905-8fc3-540215e519e9,Problem-Solving and Data Analysis,"Ratios, rates, proportional relationships, and units",E
0ea56bb2,00142-DC,Problem-Solving and Data Analysis,Percentages,H
90eed2e5,026017-DC,Problem-Solving and Data Analysis,Inference from sample statistics and margin of error,E
8e528129,070608-DC,Problem-Solving and Data Analysis,"Ratios, rates, proportional relationships, and units",M
15617f62,69320716-58db-43ad-b02d-1664b3dfb359,Problem-Solving and Data Analysis,"Ratios, rates, proportional relationships, and units",E
8736334b,026304-DC,Problem-Solving and Data Analysis,One-variable data: Distributions and measures of center and spread,E
0231050d,070908-DC,Problem-Solving and Data Analysis,Percentages,H
be35c117,a824dc18-95e2-4efa-b635-884db6f2eeef,Problem-Solving and Data Analysis,"Ratios, rates, proportional relationships, and units",E
4a2264b3,41f938b0-0d18-48ac-b9ea-15cc947faaa2,Problem-Solving and Data Analysis,Two-variable data: Models and scatterplots,E
e3d49511,1aadad19-c839-4ddb-aa09-87de2e47212a,Problem-Solving and Data Analysis,"Ratios, rates, proportional relationships, and units",E
b680e76d,09908-DC,Problem-Solving and Data Analysis,Probability and conditional probability,E
53d97af5,10642-DC,Problem-Solving and Data Analysis,Inference from sample statistics and margin of error,M
15ce8207,aee1cc54-9f2e-46de-94fa-2cccbe708d41,Problem-Solving and Data Analysis,Two-variable data: Models and scatterplots,E
d4413871,019746-DC,Problem-Solving and Data Analysis,Probability and conditional probability,H
0301c5dc,022855-DC,Problem-Solving and Data Analysis,Probability and conditional probability,M
0ae37ff3,82528d01-5c88-4cef-8a3b-5a072a0671dc,Problem-Solving and Data Analysis,Probability and conditional probability,M
c88e0663,06926-DC,Problem-Solving and Data Analysis,One-variable data: Distributions and measures of center and spread,E
9bb4107c,71a3b42d-82b2-44f5-8a6d-50461b5cbd2f,Problem-Solving and Data Analysis,Two-variable data: Models and scatterplots,M
3f2ee20a,14957-DC,Problem-Solving and Data Analysis,One-variable data: Distributions and measures of center and spread,M
993000da,fa595c60-481e-4838-966e-bb53dd5ec839,Problem-Solving and Data Analysis,Percentages,H
fe6a49d6,11e14767-1eaf-4adb-8d85-9e42946ce439,Problem-Solving and Data Analysis,One-variable data: Distributions and measures of center and spread,E
632cf8f9,3197f818-b46b-411b-ba07-d4d1c811fa29,Problem-Solving and Data Analysis,Two-variable data: Models and scatterplots,E
d0efc1dd,029327-DC,Problem-Solving and Data Analysis,One-variable data: Distributions and measures of center and spread,M
80f1f3a9,1010b663-23d7-48e5-8a54-02a9c7c6a552,Problem-Solving and Data Analysis,One-variable data: Distributions and measures of center and spread,E
e9fb7774,e06a745d-b077-48ee-8763-fdfcd713b268,Problem-Solving and Data Analysis,Percentages,E
190be2fc,1f3a2144-9cce-41ef-bcb2-8dfc5cc97d8b,Problem-Solving and Data Analysis,One-variable data: Distributions and measures of center and spread,H
3f236a64,029578-DC,Problem-Solving and Data Analysis,"Ratios, rates, proportional relationships, and units",E
8705ecba,028060-DC,Problem-Solving and Data Analysis,Percentages,E
2e74e403,57cffc23-e07d-4acc-9f42-b8eacfd50cd8,Problem-Solving and Data Analysis,Two-variable data: Models and scatterplots,M
f8f79e11,020263-DC,Problem-Solving and Data Analysis,Inference from sample statistics and margin of error,M
da9ffcf6,688b466f-c743-40b5-8bd7-7b8695af38e7,Problem-Solving and Data Analysis,"Ratios, rates, proportional relationships, and units",E
2e8027b0,1862dad5-fe16-4d8c-8544-3cb91c1fd301,Problem-Solving and Data Analysis,Two-variable data: Models and scatterplots,H
c178d4da,45c46b40-e7e6-4f3e-bbb1-22e0862c3911,Problem-Solving and Data Analysis,One-variable data: Distributions and measures of center and spread,H
2c76bcce,e32ac8cc-1200-4ebd-9897-0c30b06a3bdf,Problem-Solving and Data Analysis,Inference from sample statistics and margin of error,E
9fa781f8,c53c49b5-ed37-4cd3-b08c-7994919f7e09,Problem-Solving and Data Analysis,"Ratios, rates, proportional relationships, and units",M
9a144a01,031669-DC,Problem-Solving and Data Analysis,Two-variable data: Models and scatterplots,M
022e9894,9d08821e-6f03-46fa-b7f1-5b1d8c3a6d3f,Problem-Solving and Data Analysis,Percentages,M
457d2f2c,028957-DC,Problem-Solving and Data Analysis,One-variable data: Distributions and measures of center and spread,H
e24765e6,86d0b8f2-f99e-4442-b537-5979e3167791,Problem-Solving and Data Analysis,Two-variable data: Models and scatterplots,M
47624288,32990085-cbdb-4725-a6e0-26a13c42cce0,Problem-Solving and Data Analysis,Probability and conditional probability,E
6310adbc,029014-DC,Problem-Solving and Data Analysis,"Ratios, rates, proportional relationships, and units",E
e438ec3f,436782ee-a8df-4ac5-9605-4f9a32b1d56a,Problem-Solving and Data Analysis,Probability and conditional probability,H
63573fea,019667-DC,Problem-Solving and Data Analysis,Percentages,M
191d167b,20029b3e-d1cb-42ea-9a4b-f926abe12665,Problem-Solving and Data Analysis,Percentages,E
03a16790,9b172c91-1885-4bc0-9faa-73425007e043,Problem-Solving and Data Analysis,Two-variable data: Models and scatterplots,M
60caadfd,fecd5e09-6a41-4316-a6b0-2f366f0c940d,Problem-Solving and Data Analysis,Probability and conditional probability,E
c3d65f93,a966fc8b-7920-4a60-ae82-b53184a3ba6c,Problem-Solving and Data Analysis,One-variable data: Distributions and measures of center and spread,E
b4f5a7ca,029581-DC,Problem-Solving and Data Analysis,Evaluating statistical claims: Observational studies and experiments,M
93724cc6,fc5659d4-90ce-4136-b70e-ac4dd697c151,Problem-Solving and Data Analysis,Percentages,E
d6af3572,020386-DC,Problem-Solving and Data Analysis,Two-variable data: Models and scatterplots,H
2d16d62c,ae2818a7-d027-48ec-a6f6-d9167cb25167,Problem-Solving and Data Analysis,"Ratios, rates, proportional relationships, and units",E
69f6717f,cd36e81a-3f06-40da-ab13-b7cd41cd0e9b,Problem-Solving and Data Analysis,"Ratios, rates, proportional relationships, and units",H
35bec412,db1f16a5-024c-473c-aedc-cdda8967d1c1,Problem-Solving and Data Analysis,One-variable data: Distributions and measures of center and spread,E
74dee52b,026230-DC,Problem-Solving and Data Analysis,Two-variable data: Models and scatterplots,E
c3d78831,cefd9f5a-cd0c-4e0f-b298-90f990380e14,Problem-Solving and Data Analysis,"Ratios, rates, proportional relationships, and units",M
b5bc47d5,ec4a70f3-71cf-4dca-9776-c588830c5d34,Problem-Solving and Data Analysis,"Ratios, rates, proportional relationships, and units",H
fea831fc,070624-DC,Problem-Solving and Data Analysis,"Ratios, rates, proportional relationships, and units",M
aeeaec96,ee5f324c-581b-4818-b0a7-48d75fb59f22,Problem-Solving and Data Analysis,"Ratios, rates, proportional relationships, and units",E
6c9444cd,213dee0e-d9eb-4743-be96-e47241c0fb36,Problem-Solving and Data Analysis,One-variable data: Distributions and measures of center and spread,H
9d88a3e3,07721-DC,Problem-Solving and Data Analysis,Two-variable data: Models and scatterplots,E
e03f3477,c69d7c49-d5b4-474f-92d3-d2ef20e9813a,Problem-Solving and Data Analysis,Inference from sample statistics and margin of error,M
d693f563,47d32f6a-d945-4d6e-9f0f-18a983b72be4,Problem-Solving and Data Analysis,Percentages,M
f46139df,40d9d60a-1c6b-4ed3-82e1-5d956fe9153a,Problem-Solving and Data Analysis,Two-variable data: Models and scatterplots,M
07f2829b,070625-DC,Problem-Solving and Data Analysis,One-variable data: Distributions and measures of center and spread,M
e5b5fbdd,020456-DC,Problem-Solving and Data Analysis,Probability and conditional probability,E
d65b9a87,bb8df1b9-8ab9-42bb-8b7f-adec3639c7f8,Problem-Solving and Data Analysis,One-variable data: Distributions and measures of center and spread,H
7ac5d686,11102-DC,Problem-Solving and Data Analysis,Two-variable data: Models and scatterplots,M
1fc4f47b,d1cc7727-7dd9-47c7-90eb-06fc0e9b8ce7,Problem-Solving and Data Analysis,Probability and conditional probability,M
e7133228,fc00704d-6b53-445f-a379-309a3e911067,Problem-Solving and Data Analysis,"Ratios, rates, proportional relationships, and units",H
2905ded0,d1556090-70eb-478b-8094-77cde55a8a16,Problem-Solving and Data Analysis,Probability and conditional probability,E
bb7c8186,f0fb6cfb-ea46-4a28-8379-6d0acc914299,Problem-Solving and Data Analysis,Percentages,E
d230e963,234d1fe8-4e40-4728-ad3a-674eb0fb9188,Problem-Solving and Data Analysis,Two-variable data: Models and scatterplots,E
181cc4d6,028848-DC,Problem-Solving and Data Analysis,"Ratios, rates, proportional relationships, and units",M
241f1db7,4f4352ff-e0b0-4c52-b1d8-8461b2e5eb6e,Problem-Solving and Data Analysis,One-variable data: Distributions and measures of center and spread,H
578e26ae,a1b19718-6d73-483b-ac58-8fda7ec4a928,Problem-Solving and Data Analysis,One-variable data: Distributions and measures of center and spread,M
e9841407,028058-DC,Problem-Solving and Data Analysis,"Ratios, rates, proportional relationships, and units",E
7fd284ac,08424-DC,Problem-Solving and Data Analysis,Two-variable data: Models and scatterplots,M
1fbd3b67,8b00175d-6fbb-4911-bbd3-f2a1167fb3e5,Problem-Solving and Data Analysis,Percentages,H
1b403590,3d00b62c-b08f-45da-ac4b-7750ae794184,Problem-Solving and Data Analysis,"Ratios, rates, proportional relationships, and units",M
c81499e1,80f12ef5-a97c-4f43-a382-5d490d55eb90,Problem-Solving and Data Analysis,"Ratios, rates, proportional relationships, and units",E
a2162ea1,32ff895c-39e6-4e94-8a41-6783e35bf3ed,Problem-Solving and Data Analysis,Inference from sample statistics and margin of error,M
ecbdbe84,27d95f70-58ff-4b21-92f7-c74df5011b3a,Problem-Solving and Data Analysis,One-variable data: Distributions and measures of center and spread,H
f8a322d9,a4fc06ae-2b85-4830-a27c-e248eebde1f9,Problem-Solving and Data Analysis,One-variable data: Distributions and measures of center and spread,H
e7d9649f,01550-DC,Problem-Solving and Data Analysis,Inference from sample statistics and margin of error,E
2df8f293,b38bd503-bc4e-485d-a578-38da101ab31a,Problem-Solving and Data Analysis,Probability and conditional probability,M
7cab9fe1,0359b97d-4f74-4893-886b-a63458ac15d7,Problem-Solving and Data Analysis,Percentages,M
ec7b0eb8,070919-DC,Problem-Solving and Data Analysis,Probability and conditional probability,E
0700a2d5,973f54f3-20e6-4be8-a0e8-f04182a1dc93,Problem-Solving and Data Analysis,"Ratios, rates, proportional relationships, and units",E
3638f413,03862-DC,Problem-Solving and Data Analysis,"Ratios, rates, proportional relationships, and units",H
e17babed,03f22abf-7da2-44d7-9e60-a131e0841a87,Problem-Solving and Data Analysis,Two-variable data: Models and scatterplots,M
12dae628,43a2c649-5ad6-4d16-9779-da333ff1569a,Problem-Solving and Data Analysis,One-variable data: Distributions and measures of center and spread,E
1142af44,029610-DC,Problem-Solving and Data Analysis,One-variable data: Distributions and measures of center and spread,H
79201024,ab06bbba-a7a0-4fff-8ab6-c9cf37ff575c,Problem-Solving and Data Analysis,Probability and conditional probability,E
445dd032,021174-DC,Problem-Solving and Data Analysis,"Ratios, rates, proportional relationships, and units",M
121dc44f,db08d5bc-9768-4b87-8642-1033890325ea,Problem-Solving and Data Analysis,Percentages,M
1e8ccffd,00566-DC,Problem-Solving and Data Analysis,One-variable data: Distributions and measures of center and spread,H
a29e89fc,2466799c-cc68-42e1-b0cb-461b4ca5597c,Problem-Solving and Data Analysis,One-variable data: Distributions and measures of center and spread,M
9bedc4a0,1d0e4fb4-a269-44f0-b4ed-6434ddb20c94,Problem-Solving and Data Analysis,Inference from sample statistics and margin of error,M
1e1027a7,019531-DC,Problem-Solving and Data Analysis,Two-variable data: Models and scatterplots,H
fe1ec415,c99660ad-c63a-459b-a649-55773967d912,Problem-Solving and Data Analysis,"Ratios, rates, proportional relationships, and units",E
ba62b0b0,c40a706f-ca84-432c-bdb2-58a4920cbaab,Problem-Solving and Data Analysis,"Ratios, rates, proportional relationships, and units",E
939c46d1,070902-DC,Problem-Solving and Data Analysis,"Ratios, rates, proportional relationships, and units",M
29c177e6,d82d4647-67d1-4ebf-8750-cf2ccee38a60,Problem-Solving and Data Analysis,Percentages,E
13f67ddc,76bc1af1-9e88-4760-961f-db2050ad9091,Problem-Solving and Data Analysis,Two-variable data: Models and scatterplots,E
ea95087d,a76daad9-3856-4e79-95ee-20158581002b,Problem-Solving and Data Analysis,One-variable data: Distributions and measures of center and spread,E
fc46af57,029361-DC,Problem-Solving and Data Analysis,Inference from sample statistics and margin of error,M
e7d48c8a,84fea272-2bed-48c4-9ffd-dfe5cc5edb2f,Problem-Solving and Data Analysis,One-variable data: Distributions and measures of center and spread,H
7b65bb28,10941-DC,Problem-Solving and Data Analysis,One-variable data: Distributions and measures of center and spread,M
8a714fa1,026407-DC,Problem-Solving and Data Analysis,Percentages,M
7cd1c6db,a9c40475-9ebc-41fc-bfa0-50236b060e50,Problem-Solving and Data Analysis,"Ratios, rates, proportional relationships, and units",E
8784bc84,8ac6b4d3-1459-4464-8d25-73cd50d43d67,Problem-Solving and Data Analysis,Percentages,E
8637294f,837ca3a4-1a14-44b1-84b5-5f2a706e30f9,Problem-Solving and Data Analysis,"Ratios, rates, proportional relationships, and units",H
8e2e424e,031617-DC,Problem-Solving and Data Analysis,Percentages,M
24ad9dcb,05121-DC,Problem-Solving and Data Analysis,"Ratios, rates, proportional relationships, and units",E
be00d896,14851-DC,Problem-Solving and Data Analysis,One-variable data: Distributions and measures of center and spread,M
3d985614,028872-DC,Problem-Solving and Data Analysis,Two-variable data: Models and scatterplots,M
560fab82,ee670944-e520-4f88-880a-a0158fe35ef8,Problem-Solving and Data Analysis,One-variable data: Distributions and measures of center and spread,M
308084c5,029011-DC,Problem-Solving and Data Analysis,Inference from sample statistics and margin of error,H
d94018fd,5af384de-ab0c-40e8-8d4d-b12e04a08e8e,Problem-Solving and Data Analysis,One-variable data: Distributions and measures of center and spread,M
e635aede,bd6a0437-de79-407d-a6f8-ad2d753ff04e,Problem-Solving and Data Analysis,Percentages,H
e21d10a7,b32d7197-2b76-4429-8221-4e5482d511ae,Problem-Solving and Data Analysis,"Ratios, rates, proportional relationships, and units",M
7d721177,933baf7b-cfc3-42f9-a9f8-f184d6f97c27,Problem-Solving and Data Analysis,"Ratios, rates, proportional relationships, and units",H
d0d9ede4,313142de-ba5a-45df-9ffe-0993fba11dce,Problem-Solving and Data Analysis,"Ratios, rates, proportional relationships, and units",E
1d945139,72a6fbc6-5106-42d1-b891-58079546b368,Problem-Solving and Data Analysis,"Ratios, rates, proportional relationships, and units",M
4b09f783,4c64fb61-5036-48e2-a518-1fe34e097aec,Problem-Solving and Data Analysis,One-variable data: Distributions and measures of center and spread,E
67c0200a,91c12a4d-8406-4ac0-bd8c-732595daf5a4,Problem-Solving and Data Analysis,Percentages,H
f04d40b2,d0c73d6b-6fba-46e6-898b-9debc677ed82,Problem-Solving and Data Analysis,Inference from sample statistics and margin of error,M
bfa8a85c,ee5e0bcd-6e26-4cc7-9ca8-16eab11e3146,Problem-Solving and Data Analysis,One-variable data: Distributions and measures of center and spread,E
c9dd92b1,031645-DC,Problem-Solving and Data Analysis,Two-variable data: Models and scatterplots,E
9bf4c545,10225-DC,Problem-Solving and Data Analysis,Evaluating statistical claims: Observational studies and experiments,E
fa7a0164,09906-DC,Problem-Solving and Data Analysis,One-variable data: Distributions and measures of center and spread,E
40e7a1a9,989b4b44-3e81-4a7a-a64c-9ab381c1b983,Problem-Solving and Data Analysis,Percentages,H
708590d7,027874-DC,Problem-Solving and Data Analysis,One-variable data: Distributions and measures of center and spread,E
bf47ad54,32297287-d739-4961-acc3-2eed761e3e0d,Problem-Solving and Data Analysis,One-variable data: Distributions and measures of center and spread,H
a6b2fcce,07714-DC,Problem-Solving and Data Analysis,Two-variable data: Models and scatterplots,E
699af7b3,36bef1c8-d853-462f-a9e8-7575812e84e9,Problem-Solving and Data Analysis,Percentages,H
f52123e0,e556a06b-805c-4238-8c14-3bcafe7e1ddf,Problem-Solving and Data Analysis,One-variable data: Distributions and measures of center and spread,M
06a152cd,04108-DC,Problem-Solving and Data Analysis,"Ratios, rates, proportional relationships, and units",E
7d68096f,86e6dfb4-d2c8-45de-afe3-b133ed0d88a5,Problem-Solving and Data Analysis,Evaluating statistical claims: Observational studies and experiments,H
7760c516,bc57ca71-eb48-4ae7-95a8-3ed00f622ed8,Problem-Solving and Data Analysis,One-variable data: Distributions and measures of center and spread,E
8917ce38,029306-DC,Problem-Solving and Data Analysis,"Ratios, rates, proportional relationships, and units",M
f4b3672a,08802-DC,Problem-Solving and Data Analysis,Inference from sample statistics and margin of error,E
40f0ee70,88659c2c-a185-4a2b-b844-b4bdc689c709,Problem-Solving and Data Analysis,One-variable data: Distributions and measures of center and spread,E
374b18f9,028959-DC,Problem-Solving and Data Analysis,One-variable data: Distributions and measures of center and spread,E
585de39a,070921-DC,Problem-Solving and Data Analysis,Probability and conditional probability,H
4ff597db,07831-DC,Problem-Solving and Data Analysis,One-variable data: Distributions and measures of center and spread,H
ec787383,e2565394-6b89-4d8e-8b02-06a363d8a20f,Problem-Solving and Data Analysis,"Ratios, rates, proportional relationships, and units",M
7e6c745f,14884-DC,Problem-Solving and Data Analysis,"Ratios, rates, proportional relationships, and units",M
7b52985c,66189329-34b5-4940-a091-8d6219efb626,Problem-Solving and Data Analysis,Two-variable data: Models and scatterplots,H
7ce2830a,029344-DC,Problem-Solving and Data Analysis,Evaluating statistical claims: Observational studies and experiments,H
12dbe3de,022066-DC,Problem-Solving and Data Analysis,Probability and conditional probability,E
709e04de,f518f607-0819-47bd-b33b-db922ee03cb2,Problem-Solving and Data Analysis,Percentages,M
642519d7,10199-DC,Problem-Solving and Data Analysis,Evaluating statistical claims: Observational studies and experiments,M
0108ac2d,029303-DC,Problem-Solving and Data Analysis,Inference from sample statistics and margin of error,E
949cd96b,70496145-8af1-415b-9df1-cb281b9bc4d2,Problem-Solving and Data Analysis,Percentages,E
28c6bd8c,06469-DC,Problem-Solving and Data Analysis,Percentages,E
912cd125,08226-DC,Problem-Solving and Data Analysis,Probability and conditional probability,M
3a6ed720,374a0f38-19f3-4644-8e99-cb97adaa27f3,Problem-Solving and Data Analysis,Percentages,E
ad7dbb22,44d16b54-4d25-47d8-9c06-f7e06ccbc36f,Problem-Solving and Data Analysis,Two-variable data: Models and scatterplots,M
85b33aa8,47ff0dd5-480f-4331-b9a9-ee44e9b40d9e,Problem-Solving and Data Analysis,"Ratios, rates, proportional relationships, and units",E
284303f1,d76b8468-eb1c-4309-9278-5eda6d2d9b3e,Problem-Solving and Data Analysis,Percentages,E
ba61d95f,c58c16c7-0525-4a20-b6ce-33c59a2d682f,Problem-Solving and Data Analysis,Percentages,M
873d2838,01f43331-d478-491e-90be-1bf336840ec3,Problem-Solving and Data Analysis,"Ratios, rates, proportional relationships, and units",M
16988f9c,69235d8f-a27b-49a1-a4e9-e905f8b73ef4,Problem-Solving and Data Analysis,Two-variable data: Models and scatterplots,E
2cdefcb1,9594986d-588a-4127-87f9-41a6f360b9e1,Problem-Solving and Data Analysis,"Ratios, rates, proportional relationships, and units",E
6a715bed,df56744a-4d13-4df3-a87c-06128770af34,Problem-Solving and Data Analysis,Probability and conditional probability,H
8cbf1415,b90e5782-c428-473b-8c51-a587d2c330b9,Problem-Solving and Data Analysis,Percentages,M
58ba7239,101896fa-20f1-44ca-a5ec-1b422cb3fce3,Problem-Solving and Data Analysis,Percentages,H
c7c6445f,8452380b-8279-44a6-98f5-7b0beb6adc6e,Problem-Solving and Data Analysis,"Ratios, rates, proportional relationships, and units",H
c54b92a2,070911-DC,Problem-Solving and Data Analysis,One-variable data: Distributions and measures of center and spread,E
3c5b19ef,026150-DC,Problem-Solving and Data Analysis,Two-variable data: Models and scatterplots,M
73ddfdac,e2e5fe90-eac5-48a3-a466-f4a6ead5776e,Problem-Solving and Data Analysis,"Ratios, rates, proportional relationships, and units",M
96a45430,028999-DC,Problem-Solving and Data Analysis,Percentages,M
5267c3c7,fb4b074b-8096-42a7-9ab5-1672ab4556c2,Problem-Solving and Data Analysis,Percentages,H
ae32cc3c,bae655f1-291d-420a-881f-02c5d411251b,Problem-Solving and Data Analysis,Two-variable data: Models and scatterplots,E
82dfb646,05788-DC,Problem-Solving and Data Analysis,Evaluating statistical claims: Observational studies and experiments,E
5c3c2e3c,020981-DC,Problem-Solving and Data Analysis,One-variable data: Distributions and measures of center and spread,M
c5ee6ac0,6401adca-8126-4887-bcb0-2e7076d6e999,Problem-Solving and Data Analysis,Two-variable data: Models and scatterplots,E
9ce8cbbe,8758bc63-f1f1-4ad8-90b7-562482615452,Problem-Solving and Data Analysis,Probability and conditional probability,H
61b87506,27dab70d-b227-496d-9793-7bbb537c6638,Problem-Solving and Data Analysis,"Ratios, rates, proportional relationships, and units",M
30db8f77,4d34f7df-14db-4fe8-a6ea-8532d6a8e253,Problem-Solving and Data Analysis,Probability and conditional probability,M
43744269,c15291f0-3442-4787-9e24-c2044f3e1f6f,Problem-Solving and Data Analysis,Two-variable data: Models and scatterplots,E
3ac09984,10654-DC,Problem-Solving and Data Analysis,"Ratios, rates, proportional relationships, and units",E
66f03086,012a45d5-4b75-4217-b792-5b7d08ece247,Problem-Solving and Data Analysis,One-variable data: Distributions and measures of center and spread,E
61f61789,c084b0a0-2744-443d-9e6a-f230e22fdc88,Problem-Solving and Data Analysis,"Ratios, rates, proportional relationships, and units",H
d0430601,070918-DC,Problem-Solving and Data Analysis,Two-variable data: Models and scatterplots,H
9110c120,026381-DC,Problem-Solving and Data Analysis,One-variable data: Distributions and measures of center and spread,M
c74df824,74b99987-9634-407d-adbe-a305f02a1c5f,Problem-Solving and Data Analysis,"Ratios, rates, proportional relationships, and units",H
9296553d,027702-DC,Problem-Solving and Data Analysis,Two-variable data: Models and scatterplots,E
d1db8def,8183ef2c-57c1-4464-91c3-475ac4162ca1,Problem-Solving and Data Analysis,One-variable data: Distributions and measures of center and spread,E
b2f6f17d,05323-DC,Problem-Solving and Data Analysis,Percentages,M
4626102e,f1db57ba-417f-4c96-ae7e-80f171f39606,Problem-Solving and Data Analysis,One-variable data: Distributions and measures of center and spread,H
d6121490,031603-DC,Problem-Solving and Data Analysis,Two-variable data: Models and scatterplots,E
55cfaf22,abb8d90e-7d43-41be-9dae-ad5e692240f5,Problem-Solving and Data Analysis,One-variable data: Distributions and measures of center and spread,E
b58dbf88,003efa6a-3fe0-4c5f-ac3d-7589e4ff53ee,Problem-Solving and Data Analysis,Two-variable data: Models and scatterplots,E
5154615f,86610db9-1732-40a7-a795-6d71991b27f8,Problem-Solving and Data Analysis,"Ratios, rates, proportional relationships, and units",H
ab7740a8,028832-DC,Problem-Solving and Data Analysis,Two-variable data: Models and scatterplots,M
2a08d878,027081-DC,Problem-Solving and Data Analysis,Probability and conditional probability,E
820d7a73,a6ce86a7-db0b-4ece-b1dc-2fb1ebd4b99b,Problem-Solving and Data Analysis,One-variable data: Distributions and measures of center and spread,E
38a9ac45,07853-DC,Problem-Solving and Data Analysis,Probability and conditional probability,M
9c44f828,828689ef-29d6-4a4b-9945-060543cb1150,Problem-Solving and Data Analysis,Percentages,E
eb672707,46ab20b9-f632-4d8f-a085-104d8f446b46,Problem-Solving and Data Analysis,"Ratios, rates, proportional relationships, and units",M
7270d642,70312974-5b98-4396-b51e-4f590919f407,Problem-Solving and Data Analysis,"Ratios, rates, proportional relationships, and units",E
6e3ab4bf,1bb852f0-0834-410f-84fd-8636ef74788b,Problem-Solving and Data Analysis,One-variable data: Distributions and measures of center and spread,E
c256b723,967c754c-6ed6-4648-9b7b-4a17946cf25f,Problem-Solving and Data Analysis,Percentages,M
90ba8f98,a3419986-a630-4b5b-9c48-62a85f09b32e,Problem-Solving and Data Analysis,Two-variable data: Models and scatterplots,M
881ef5f5,028792-DC,Problem-Solving and Data Analysis,One-variable data: Distributions and measures of center and spread,M
273b7f37,691ec468-2184-424c-ac94-53b3d07a4270,Problem-Solving and Data Analysis,Percentages,E
2e511919,363d5daa-100c-4c65-80bf-bd1ca694191d,Problem-Solving and Data Analysis,Two-variable data: Models and scatterplots,E
7ed0d098,10596-DC,Problem-Solving and Data Analysis,Percentages,E
38525983,76b9ab2a-a161-4577-8b1b-7e587c2a4543,Problem-Solving and Data Analysis,Two-variable data: Models and scatterplots,M
c141366d,f8342a9a-48d1-4fe3-865b-171f9d9f8f72,Problem-Solving and Data Analysis,Two-variable data: Models and scatterplots,E
20845d36,b52952eb-21e9-41d5-ac01-117586367fc5,Problem-Solving and Data Analysis,Percentages,H
8bf3f67a,bc2db446-6593-43b2-b2b0-2932e35e1153,Problem-Solving and Data Analysis,"Ratios, rates, proportional relationships, and units",E
a478f9f5,36608aa9-2ea7-416b-9586-4b5b6735092b,Problem-Solving and Data Analysis,Probability and conditional probability,E
dae79de4,9cdf3594-7baa-41d8-b8d5-9f9d041f0b26,Problem-Solving and Data Analysis,Probability and conditional probability,E
4bb25495,031602-DC,Problem-Solving and Data Analysis,One-variable data: Distributions and measures of center and spread,E
aa43b41f,020744-DC,Problem-Solving and Data Analysis,Evaluating statistical claims: Observational studies and experiments,H
cb4894f9,7d9689ed-c13d-4213-a6f7-685ae6b402ee,Problem-Solving and Data Analysis,"Ratios, rates, proportional relationships, and units",M
b6569d0e,028964-DC,Problem-Solving and Data Analysis,Probability and conditional probability,M
50b99b2d,964d5413-e030-4000-a612-54941886f548,Problem-Solving and Data Analysis,"Ratios, rates, proportional relationships, and units",H
5dc386fb,022848-DC,Problem-Solving and Data Analysis,Probability and conditional probability,H
c47256ca,d6f8cc02-96fe-42b9-bfb6-5bd07411ccfc,Problem-Solving and Data Analysis,"Ratios, rates, proportional relationships, and units",E
86684ce9,af7c40ef-acf4-4f14-9563-4a4d1a99a37d,Problem-Solving and Data Analysis,Percentages,H
551c52b9,a1a5d2fd-4a30-4105-b4de-ee544853263c,Problem-Solving and Data Analysis,"Ratios, rates, proportional relationships, and units",E
014c47ab,3bdb04eb-289a-4c97-b759-9893b1508252,Problem-Solving and Data Analysis,Probability and conditional probability,H
1180401d,10619-DC,Problem-Solving and Data Analysis,"Ratios, rates, proportional relationships, and units",M
57481175,132dc872-80cb-43fa-b1c9-3dc7fea2a1a5,Problem-Solving and Data Analysis,One-variable data: Distributions and measures of center and spread,E
1b8e412e,b7ef95ca-02dd-493f-83ea-df8f02986d64,Problem-Solving and Data Analysis,Probability and conditional probability,E
f6cbb04a,028911-DC,Problem-Solving and Data Analysis,"Ratios, rates, proportional relationships, and units",M
568bc2a4,bc6c4c12-4c9a-4382-963e-957612ede87c,Problem-Solving and Data Analysis,"Ratios, rates, proportional relationships, and units",M
96c3e32d,65c97795-cef4-4246-9fe9-82f67f8f7823,Problem-Solving and Data Analysis,"Ratios, rates, proportional relationships, and units",M
98958ae8,b9761b18-7942-4214-89a5-1726fe26fe75,Problem-Solving and Data Analysis,One-variable data: Distributions and measures of center and spread,H
391ae4b2,4135b77c-4178-4cdc-8f4a-8f46e634b934,Problem-Solving and Data Analysis,One-variable data: Distributions and measures of center and spread,H
4096a482,f2ee094c-7d77-427f-8375-dbbc8c6aa16b,Problem-Solving and Data Analysis,Inference from sample statistics and margin of error,M
57f45509,da3d86e5-c459-4887-9ed0-fecf17d87773,Problem-Solving and Data Analysis,One-variable data: Distributions and measures of center and spread,E
2a59eb45,b09d507c-3dde-4f24-af93-e07719f875cf,Problem-Solving and Data Analysis,One-variable data: Distributions and measures of center and spread,H
623dbebb,1edfed1c-89c5-4702-a448-e023544a67b4,Problem-Solving and Data Analysis,Percentages,H
2afd3cec,9aa8fbdb-6e32-4b91-81d7-831d0518641e,Problem-Solving and Data Analysis,Percentages,H
2e92cc21,a441304f-3293-46ff-a2c2-cdbb915b8b11,Problem-Solving and Data Analysis,Percentages,H
7f84b136,b3f57376-4374-4b2d-ab34-98d991fed767,Problem-Solving and Data Analysis,Percentages,M
77cf4fa6,baded933-3db8-4cfd-9e63-74113b894ad5,Problem-Solving and Data Analysis,Percentages,E
2d31caae,08199-DC,Problem-Solving and Data Analysis,Percentages,E
4a422e3e,11044-DC,Problem-Solving and Data Analysis,Evaluating statistical claims: Observational studies and experiments,H
94660ba8,9d4083e9-df43-4c60-9f48-cb64e2d3dc9d,Problem-Solving and Data Analysis,"Ratios, rates, proportional relationships, and units",E
ba0e23b0,8edf9775-0d89-4ffa-8b53-27e4265b71f6,Problem-Solving and Data Analysis,Percentages,H
8156d446,070917-DC,Problem-Solving and Data Analysis,Two-variable data: Models and scatterplots,E
c2e7fa6d,a9ed5978-3ec1-4d21-966b-82a5c7c417f3,Problem-Solving and Data Analysis,"Ratios, rates, proportional relationships, and units",H
e821a26d,10145-DC,Problem-Solving and Data Analysis,Two-variable data: Models and scatterplots,H
21e539a0,ea65c30d-d2d3-4c66-b79e-881cd28208cf,Problem-Solving and Data Analysis,"Ratios, rates, proportional relationships, and units",H
9eb896c5,026242-DC,Problem-Solving and Data Analysis,Two-variable data: Models and scatterplots,M
194ae3b1,029360-DC,Problem-Solving and Data Analysis,Percentages,E
79340403,ede10369-b903-44c6-9ea8-c55232a55dfd,Problem-Solving and Data Analysis,One-variable data: Distributions and measures of center and spread,E
a8fabad0,06907-DC,Problem-Solving and Data Analysis,Percentages,E
4837406c,334db357-0b99-4f13-a766-9dde9a462af3,Problem-Solving and Data Analysis,"Ratios, rates, proportional relationships, and units",E
d112bc9d,c00233af-cadc-465e-9aa2-54ba0b5e6923,Problem-Solving and Data Analysis,Two-variable data: Models and scatterplots,E
99550621,025315-DC,Problem-Solving and Data Analysis,"Ratios, rates, proportional relationships, and units",E
3318d37b,b5f08f84-0852-405a-b44a-c1ad327e11dd,Problem-Solving and Data Analysis,"Ratios, rates, proportional relationships, and units",E
93779b53,47edb639-8ebe-471a-ae9d-172195289d2b,Problem-Solving and Data Analysis,One-variable data: Distributions and measures of center and spread,E
9d935bd8,07857-DC,Problem-Solving and Data Analysis,One-variable data: Distributions and measures of center and spread,H
8c5dbd3e,29c0769a-6466-4e2e-8793-1978ec02749c,Problem-Solving and Data Analysis,Percentages,H
a067c926,ad801a2d-5e09-4c92-b37a-9c8b027d62f2,Problem-Solving and Data Analysis,One-variable data: Distributions and measures of center and spread,E
94c65646,10b6d39c-f6c1-4d7f-a4e7-f4e5220bb807,Problem-Solving and Data Analysis,Percentages,M
5c24c861,01239-DC,Problem-Solving and Data Analysis,Two-variable data: Models and scatterplots,E
5f3ee607,0c969089-dec5-4180-9837-2658154630eb,Problem-Solving and Data Analysis,Two-variable data: Models and scatterplots,E
9e2bf782,029308-DC,Problem-Solving and Data Analysis,One-variable data: Distributions and measures of center and spread,M
9ba3e283,07719-DC,Problem-Solving and Data Analysis,Inference from sample statistics and margin of error,H
4cc05491,89491281-dcad-499e-8fe5-2563d680985f,Problem-Solving and Data Analysis,Two-variable data: Models and scatterplots,M
54cb53cf,5c387bc7-97b0-4bcf-b06a-892858d9b7b1,Problem-Solving and Data Analysis,Percentages,H
a9647302,070910-DC,Problem-Solving and Data Analysis,One-variable data: Distributions and measures of center and spread,E
7b731fc3,3b2762db-3e04-4423-acad-306a8ce4ed60,Problem-Solving and Data Analysis,Percentages,M
e9f4521a,2ac7bdf3-7d6c-4145-a9a6-af9bf15e1765,Problem-Solving and Data Analysis,Percentages,M
1c2f50a6,026410-DC,Problem-Solving and Data Analysis,Percentages,E
89c39d77,d2f59729-f3aa-4681-adb0-ddf2309976b8,Problem-Solving and Data Analysis,"Ratios, rates, proportional relationships, and units",M
8193e8cd,070626-DC,Problem-Solving and Data Analysis,One-variable data: Distributions and measures of center and spread,M
dccdb20c,c709983b-f5d2-4f76-8755-5eb306b94baa,Problem-Solving and Data Analysis,Percentages,M
661dfddd,070913-DC,Problem-Solving and Data Analysis,Two-variable data: Models and scatterplots,E
73362607,46e791de-a8dd-4add-bf7d-3a1c1fbef6ce,Problem-Solving and Data Analysis,Percentages,E
89f20d9e,edb435d2-fe23-4422-9f29-3461bdaa70a9,Problem-Solving and Data Analysis,Probability and conditional probability,H
a03b7e02,4c22545c-b1dc-417e-a342-b8115c476ce0,Problem-Solving and Data Analysis,Two-variable data: Models and scatterplots,E
97631565,9dca7d0a-7c80-455e-807a-d6cf7cb2424d,Problem-Solving and Data Analysis,Inference from sample statistics and margin of error,E
3d73a58b,0e0b2da3-40d6-47ae-8c52-727851d9038b,Problem-Solving and Data Analysis,Percentages,H
7b1a3200,32c749f0-91ae-4721-8ecd-9eac7aa1f372,Problem-Solving and Data Analysis,One-variable data: Distributions and measures of center and spread,E
79137c1b,14941-DC,Problem-Solving and Data Analysis,Two-variable data: Models and scatterplots,H
b8150b17,ccd77c85-b9f7-42eb-9d6f-78971c82adf8,Problem-Solving and Data Analysis,Probability and conditional probability,E
7d093333,3a321846-3dc0-4a6d-82e6-2cfcf81ef623,Problem-Solving and Data Analysis,"Ratios, rates, proportional relationships, and units",H
1dcea480,031679-DC,Problem-Solving and Data Analysis,Probability and conditional probability,E
fdfc90e4,a83d8fcc-ddc5-4441-bd22-76b4ad2b5e1c,Problem-Solving and Data Analysis,Two-variable data: Models and scatterplots,M
674a4084,e098ab1f-ca25-4df4-862e-fe8448392a67,Problem-Solving and Data Analysis,"Ratios, rates, proportional relationships, and units",M
a0b165f8,71e0f3ea-a756-49f9-bc0d-dbe87bc5a198,Problem-Solving and Data Analysis,Percentages,H
34e18ce4,ee20c3bc-a074-467b-a5ec-dafc0c828d64,Problem-Solving and Data Analysis,Percentages,E
c943acba,cbb0b5cc-7884-4efa-9c98-8b2dc77d2668,Problem-Solving and Data Analysis,Probability and conditional probability,E
1e562f24,993a9eaf-5cb2-4e31-b138-e7b5002d37c5,Problem-Solving and Data Analysis,Inference from sample statistics and margin of error,M
89f8d08a,027102-DC,Problem-Solving and Data Analysis,Inference from sample statistics and margin of error,M
54d93874,070627-DC,Problem-Solving and Data Analysis,One-variable data: Distributions and measures of center and spread,H
6a305cd0,031666-DC,Problem-Solving and Data Analysis,Inference from sample statistics and margin of error,E
048811bd,ae635e6f-331e-4b53-b528-468662017b4e,Problem-Solving and Data Analysis,Percentages,E
e9129a5c,e798b8cb-3417-44f6-9cd9-077bb0117c35,Problem-Solving and Data Analysis,Two-variable data: Models and scatterplots,M
869a32f1,08099-DC,Problem-Solving and Data Analysis,One-variable data: Distributions and measures of center and spread,E
916ffe9b,ec66cd13-3613-4629-8a7c-c4dbfb4b53f7,Problem-Solving and Data Analysis,Inference from sample statistics and margin of error,H
8173f32b,c2be4ad8-5127-48a8-8cd4-4a6d2c61e2c6,Problem-Solving and Data Analysis,Inference from sample statistics and margin of error,E
a3384df0,08198-DC,Problem-Solving and Data Analysis,Probability and conditional probability,M
6670e407,070909-DC,Problem-Solving and Data Analysis,One-variable data: Distributions and measures of center and spread,E
0a99e5bb,3d240b77-f771-4bb8-aa9a-72ee23938503,Problem-Solving and Data Analysis,Probability and conditional probability,E
9b5b23fc,87f878d4-305d-414f-8da8-f430f23c0bfd,Problem-Solving and Data Analysis,Two-variable data: Models and scatterplots,H
4e527894,358c4098-f436-45ec-84bc-42d1c0fa62e0,Problem-Solving and Data Analysis,Probability and conditional probability,E
808f7d6c,031618-DC,Problem-Solving and Data Analysis,"Ratios, rates, proportional relationships, and units",E
af142f8d,11107-DC,Problem-Solving and Data Analysis,Two-variable data: Models and scatterplots,H
c78bb2b8,a97f29fd-deb9-4f76-baff-4f4bea70e929,Problem-Solving and Data Analysis,One-variable data: Distributions and measures of center and spread,H
566759ef,05321-DC,Problem-Solving and Data Analysis,Percentages,M
6e4a60dd,14922-DC,Problem-Solving and Data Analysis,Percentages,E
ad1d6adb,cb21253d-b0c2-4157-bf21-8fa351eb6b79,Problem-Solving and Data Analysis,Percentages,M
040f2a84,ee0361d9-4c33-463e-a8a8-6830e04fd051,Problem-Solving and Data Analysis,Percentages,H
9ee22c16,070922-DC,Problem-Solving and Data Analysis,Inference from sample statistics and margin of error,M
41b71b4e,028969-DC,Problem-Solving and Data Analysis,Percentages,E
eaab8bc1,71ad6fcc-0b8a-4040-a827-1cf9cc1ed910,Problem-Solving and Data Analysis,Percentages,E
46b2e169,8ca1b832-2ebe-42a6-8230-1909e855394d,Problem-Solving and Data Analysis,Probability and conditional probability,M
8213b1b3,f3910fb9-490b-407a-b587-704499bf653f,Problem-Solving and Data Analysis,Percentages,H
ecf8d15f,d508e9d9-e929-4af5-bec0-719d24880e3c,Problem-Solving and Data Analysis,Probability and conditional probability,E
f8696cd8,00184-DC,Problem-Solving and Data Analysis,Probability and conditional probability,M
bc59c2d9,be404513-86c1-473f-9573-d0ef7f6ac666,Problem-Solving and Data Analysis,Two-variable data: Models and scatterplots,E
50b2807e,f1d73552-b37d-4f00-870e-29249c5ffb4b,Problem-Solving and Data Analysis,Two-variable data: Models and scatterplots,M
34f8cd89,dabe922d-3778-48a9-88e7-926763881b51,Problem-Solving and Data Analysis,Percentages,H
6fca0144,4c42a273-cc25-495c-8315-77ecc0dd2ea9,Problem-Solving and Data Analysis,Evaluating statistical claims: Observational studies and experiments,H
20b69297,025175-DC,Problem-Solving and Data Analysis,"Ratios, rates, proportional relationships, and units",H
94237701,070912-DC,Problem-Solving and Data Analysis,One-variable data: Distributions and measures of center and spread,H
24a1e6a7,59d31da7-fdd1-4c5d-bf7e-1927db0fb130,Problem-Solving and Data Analysis,Two-variable data: Models and scatterplots,M
9d95e7ad,08280-DC,Problem-Solving and Data Analysis,Two-variable data: Models and scatterplots,H
11b06e35,d6f5d386-dd70-4e85-96cc-2c0859c39acc,Problem-Solving and Data Analysis,"Ratios, rates, proportional relationships, and units",H
39aa146d,62f651c4-37e7-4fa9-8a3d-ff62ceb23066,Problem-Solving and Data Analysis,Two-variable data: Models and scatterplots,E
58171b5e,741f638a-272e-4982-91a9-50a01668f587,Problem-Solving and Data Analysis,Two-variable data: Models and scatterplots,M
d7a3179d,4c11262b-41b4-4c46-84a0-c2f957e8f9e5,Problem-Solving and Data Analysis,"Ratios, rates, proportional relationships, and units",E
d6456c7a,56513b01-fe94-443b-8898-f5643702eab1,Problem-Solving and Data Analysis,"Ratios, rates, proportional relationships, and units",H
4347a032,f715f428-619d-426d-993d-afd4cdeeb5d5,Problem-Solving and Data Analysis,"Ratios, rates, proportional relationships, and units",E
51c9d65f,252ab91d-897c-4c0d-8d50-e60456359300,Problem-Solving and Data Analysis,"Ratios, rates, proportional relationships, and units",M
763e6769,9ff69db4-88d5-4c3b-ad95-8bd4d0c3f462,Problem-Solving and Data Analysis,"Ratios, rates, proportional relationships, and units",E
25faa756,38d4bbcc-99b8-4fc3-8247-5add78d4c1dd,Problem-Solving and Data Analysis,Percentages,H
ad911622,02ff4aa9-be78-434c-a64d-d18b83b4e58a,Problem-Solving and Data Analysis,Percentages,H
8d63b6f1,3a14beb2-aad4-426f-afd8-d1bd9dbaf599,Problem-Solving and Data Analysis,Two-variable data: Models and scatterplots,E
25fc031a,7d86a5e3-51f9-4e0f-9b63-3de9936e8dd1,Problem-Solving and Data Analysis,One-variable data: Distributions and measures of center and spread,M
d72a2b4d,884dde13-7464-48c1-89f7-7a74bb1e025e,Problem-Solving and Data Analysis,Percentages,M
cf0ae57a,070914-DC,Problem-Solving and Data Analysis,Two-variable data: Models and scatterplots,E
4e375d1f,c11c7138-6922-4b01-8ac3-981d24884e18,Problem-Solving and Data Analysis,"Ratios, rates, proportional relationships, and units",E
771ee744,6c847302-0dac-4944-8362-0bed796f6728,Problem-Solving and Data Analysis,Percentages,E
e9ed719f,1c586d1c-5c87-4b4c-adf1-b5791827526c,Problem-Solving and Data Analysis,Probability and conditional probability,M
6d99b141,dbda3b6a-f820-4919-8708-c6088f04c080,Geometry and Trigonometry,"Lines, angles, and triangles",H
9912e19f,7d655176-161a-479c-b588-adb3cf6c69c2,Geometry and Trigonometry,"Lines, angles, and triangles",E
4b7bb316,f59b253c-f13a-4027-850d-9d1abc35bde5,Geometry and Trigonometry,Area and volume,M
e10d8313,8a0d3a20-6326-4fe6-a269-38ef70418956,Geometry and Trigonometry,"Lines, angles, and triangles",H
bcb66188,62bc2dfe-0a0c-45ec-a764-c5f84ddbce67,Geometry and Trigonometry,Right triangles and trigonometry,M
f88f27e5,05759-DC,Geometry and Trigonometry,"Lines, angles, and triangles",H
5207e508,7bf2c7eb-d2eb-49db-a4cf-7cd376347a2c,Geometry and Trigonometry,"Lines, angles, and triangles",E
f67e4efc,027063-DC,Geometry and Trigonometry,Area and volume,M
e5c57163,555b2745-a82f-4231-a6df-c31085a80638,Geometry and Trigonometry,Area and volume,H
33e29881,19da9e4a-267f-405a-bab5-768d4d5c4c29,Geometry and Trigonometry,Right triangles and trigonometry,M
93f48423,05f34b6c-f496-4574-bc7b-cffaaa469975,Geometry and Trigonometry,Area and volume,E
5252e606,21b61a47-8395-41b7-9031-ab756ca63c22,Geometry and Trigonometry,Area and volume,E
bb560789,09ef21b2-86ef-4977-8eef-37b47c81624e,Geometry and Trigonometry,Area and volume,E
9342ca50,2d07d31c-7627-4c6e-813d-60c0e28346b7,Geometry and Trigonometry,"Lines, angles, and triangles",E
5afbdc8e,029396-DC,Geometry and Trigonometry,Area and volume,M
983412ea,bca754b0-4853-461c-a71b-c465e54cbb57,Geometry and Trigonometry,Area and volume,H
a4c0547f,2124991b-31a9-4ce3-a963-094142d78f70,Geometry and Trigonometry,Right triangles and trigonometry,H
659cb706,1673e5c1-c49a-4299-ab8c-5435403ce71d,Geometry and Trigonometry,Right triangles and trigonometry,M
c8d60e48,026874-DC,Geometry and Trigonometry,"Lines, angles, and triangles",E
947a3cde,05757-DC,Geometry and Trigonometry,"Lines, angles, and triangles",H
1f0b582e,bf7a641a-e835-4a95-a957-157c3c91e4ca,Geometry and Trigonometry,Area and volume,M
deff8a2f,1f5958dc-ffc1-426c-8358-d8fbb4354de4,Geometry and Trigonometry,Area and volume,H
d5f349b7,dbae1ccb-c727-453d-aad3-d9808097dcfd,Geometry and Trigonometry,"Lines, angles, and triangles",E
babd7461,b2842dd1-e205-4ff0-a977-6379b5655857,Geometry and Trigonometry,Area and volume,E
686b5212,c39deac6-0f67-4431-b530-e4745624b358,Geometry and Trigonometry,"Lines, angles, and triangles",M
a6dbad6b,019566-DC,Geometry and Trigonometry,"Lines, angles, and triangles",E
81b664bc,08390-DC,Geometry and Trigonometry,"Lines, angles, and triangles",M
59cb654c,4a39e52e-02ea-49d7-a695-87a667bdb785,Geometry and Trigonometry,Area and volume,E
902dc959,08251-DC,Geometry and Trigonometry,Right triangles and trigonometry,M
e86f0651,fc7a142b-274d-4f6f-ab55-5f7708568898,Geometry and Trigonometry,Area and volume,M
96467fea,22accec5-7fd4-4bbf-8af1-a6077fe56fc3,Geometry and Trigonometry,Area and volume,M
858fd1cf,e7973fae-0e6b-4fe9-bac8-a13801f05c72,Geometry and Trigonometry,Circles,H
9adb86ed,22d64b0b-de62-4d03-bfd1-a0f9bfc7fb43,Geometry and Trigonometry,Circles,H
096c7ef5,924fda1b-aa0e-4da6-bd05-7a55e96639dd,Geometry and Trigonometry,Area and volume,M
ec5d4823,020533-DC,Geometry and Trigonometry,Area and volume,M
9966235e,01daee35-6a84-4baf-8ed5-3ef4ff55b251,Geometry and Trigonometry,Area and volume,H
2b41a4c4,cdf507c8-4e6e-437e-bae9-d9f6a9e92f13,Geometry and Trigonometry,Area and volume,E
a0369739,6c28e838-bf2a-4be6-ba95-64b7eb7c520d,Geometry and Trigonometry,"Lines, angles, and triangles",H
a07ed090,c1c7e4d7-d6dc-4e54-8b49-cbd88eab7153,Geometry and Trigonometry,Area and volume,H
cbe8ca31,baefd1d0-91cf-4b82-9c41-2145510636af,Geometry and Trigonometry,"Lines, angles, and triangles",E
3b931fb0,9f8442fc-4e43-48a4-9eda-fd446fd06043,Geometry and Trigonometry,Area and volume,M
94364a79,2a19ba5d-f615-44cf-bbf1-badb5fc9d6f7,Geometry and Trigonometry,"Lines, angles, and triangles",M
51f26ce8,9fe57ebf-964f-4add-9e16-f54cf44c7bf4,Geometry and Trigonometry,"Lines, angles, and triangles",M
c24e1bda,9df9e1c7-bfff-4d4e-865f-5cbcb4b24e4c,Geometry and Trigonometry,"Lines, angles, and triangles",E
055aafe7,e2fa4379-f216-4286-8c00-6098b985ceea,Geometry and Trigonometry,"Lines, angles, and triangles",M
2d2cb85e,8cc3132c-df20-42a0-a034-412f01a73b1e,Geometry and Trigonometry,"Lines, angles, and triangles",H
345cc36a,fb64be41-9c0d-458c-a301-7cdb0ed92404,Geometry and Trigonometry,"Lines, angles, and triangles",H
c8345903,08415-DC,Geometry and Trigonometry,Circles,H
901c3215,ce3b6f4f-60f0-4503-b733-4d7804f8a14b,Geometry and Trigonometry,"Lines, angles, and triangles",H
2bddbc1b,8d9a8a64-b22e-4435-a19b-1ac97f998d7a,Geometry and Trigonometry,Right triangles and trigonometry,M
85f1892d,e8f7d348-9106-4f42-a41c-8400c1758a07,Geometry and Trigonometry,Right triangles and trigonometry,H
bd87bc09,029664-DC,Geometry and Trigonometry,Right triangles and trigonometry,H
f7dbde16,761b928d-225b-4b73-968f-a9b367e5083e,Geometry and Trigonometry,"Lines, angles, and triangles",H
a4ed5285,d341e9e5-5270-4fed-85ea-10d666d20e91,Geometry and Trigonometry,Area and volume,M
87a9a2d4,8d60c337-175f-44ef-817b-67041302a3bd,Geometry and Trigonometry,Right triangles and trigonometry,E
e6f2ace7,a9d7a8cf-fa0b-4706-ba20-8d948b2ba69d,Geometry and Trigonometry,Right triangles and trigonometry,E
b0c5ece5,bc3176be-4d2c-4e9b-89aa-312963604d41,Geometry and Trigonometry,Right triangles and trigonometry,E
76c73dbf,301edaf1-d774-4eda-96b8-80c08070887f,Geometry and Trigonometry,Circles,H
58c26db8,af8e7cb1-d233-45ae-8811-379283e1e3a4,Geometry and Trigonometry,Right triangles and trigonometry,H
e336a1d2,b609067c-22bb-404f-a813-9e197c6b487c,Geometry and Trigonometry,Area and volume,M
e4b4e9ea,9d90d9a2-0084-4cae-be11-73b040f11c9e,Geometry and Trigonometry,Area and volume,M
c0586eb5,eee80adc-71a4-4db9-8c03-1fddc462909d,Geometry and Trigonometry,Area and volume,M
52f7b898,5582e974-2bdf-4b46-a406-07c130db3b37,Geometry and Trigonometry,Right triangles and trigonometry,H
03c6994f,2576e4c1-c4ee-4f32-8350-159f08967b70,Geometry and Trigonometry,Area and volume,M
151eda3c,06614-DC,Geometry and Trigonometry,Area and volume,M
35d37640,1c2c5aa2-c601-4e42-9804-f7298eb7c510,Geometry and Trigonometry,Circles,H
e50afdd3,735dd150-97a4-4853-addc-1b4ab44812db,Geometry and Trigonometry,Circles,H
167aff9e,ca49552d-a377-4804-b20d-7b730e15bb99,Geometry and Trigonometry,Area and volume,H
2266984b,08283-DC,Geometry and Trigonometry,Circles,H
d0b6d927,0c4e91ab-c388-4002-8b80-16bf6f098d01,Geometry and Trigonometry,Area and volume,E
d621cffb,b7b7672e-ce42-4e19-9094-c2ba6966c496,Geometry and Trigonometry,Area and volume,M
1429dcdf,c66e94ab-e172-4e0b-9609-f3b62ef3f90d,Geometry and Trigonometry,Right triangles and trigonometry,H
69b0d79d,11305-DC,Geometry and Trigonometry,Circles,H
5a7e3b46,aa7ee350-2124-4fd5-afe1-f10a1f785d05,Geometry and Trigonometry,Right triangles and trigonometry,M
ebbf23ae,58f8a50f-ca96-4d35-9e5d-bb5694488742,Geometry and Trigonometry,Circles,H
d7a8aa9c,009bb623-417f-401a-bef5-57d78eeaaf99,Geometry and Trigonometry,"Lines, angles, and triangles",M
a2659088,0baecf54-d44d-4084-ba8f-a8fb9f7596bf,Geometry and Trigonometry,Area and volume,M
502d9690,a5e0e74e-362f-4f21-aade-6a5d1b2518e0,Geometry and Trigonometry,Area and volume,H
6b4707aa,9497dfe2-0a1a-4668-81ab-c2c1ec879a50,Geometry and Trigonometry,Circles,H
4c95c7d4,07822-DC,Geometry and Trigonometry,Right triangles and trigonometry,H
b8a225ff,a8b375f5-371f-458f-bca7-e5b78b360f11,Geometry and Trigonometry,Circles,H
b0a72bdc,20c5df6f-78ac-41d4-99b0-3fda967fa4b0,Geometry and Trigonometry,Circles,H
933fee1a,06625-DC,Geometry and Trigonometry,"Lines, angles, and triangles",M
64c1f044,359c6a4b-24df-4f06-8a59-45dbbbb00833,Geometry and Trigonometry,Right triangles and trigonometry,E
2f7c92ad,6a820c4b-cc06-4343-a5bd-fe398a0d2ec6,Geometry and Trigonometry,"Lines, angles, and triangles",M
c447367f,a8c9a7ac-0d28-45aa-b013-1691f98acb24,Geometry and Trigonometry,Circles,H
b2528e6b,e017d068-1e14-45a7-8981-963bc0f7fc9a,Geometry and Trigonometry,Area and volume,H
9fec9d49,131e158b-3eee-4f01-b713-1985fda38651,Geometry and Trigonometry,Area and volume,H
ba8ca563,31c28a2a-1001-4c2c-b27f-aa2b2380c77d,Geometry and Trigonometry,Area and volume,H
5011b039,0d7ac734-4775-44b6-bcf4-405ac5ab2009,Geometry and Trigonometry,Circles,M
9d078710,af20e9d4-dd92-4ae0-9ead-3798a3e06b80,Geometry and Trigonometry,"Lines, angles, and triangles",E
b1e1c2f5,ece15db3-71cb-4f5a-8d30-df4238c90943,Geometry and Trigonometry,"Lines, angles, and triangles",H
0d43db90,c53570c0-9d6b-49d6-8b3f-c45a4ef532db,Geometry and Trigonometry,Area and volume,E
94f7c9e2,60ba6bab-7d16-46f1-9882-e80e2dd3577c,Geometry and Trigonometry,Right triangles and trigonometry,H
e0874bc2,63912a12-3cfc-4144-bd81-5557667cbb81,Geometry and Trigonometry,Area and volume,M
a4bd60a3,1dd30616-5d7f-4401-8dd7-811d477d90d8,Geometry and Trigonometry,Right triangles and trigonometry,H
899c6042,243579cd-f8bb-4573-bce8-ea57314f3f36,Geometry and Trigonometry,Area and volume,H
498d6795,ccc97dea-b103-4868-86e4-80b756cd63d7,Geometry and Trigonometry,Right triangles and trigonometry,H
740bf79f,022197-DC,Geometry and Trigonometry,"Lines, angles, and triangles",H
0e40dfb0,7fb7e2c6-237c-42b9-a178-4810e8c6cd93,Geometry and Trigonometry,Area and volume,E
3b225698,4e338dff-7649-48c0-89f7-665b5a7d5776,Geometry and Trigonometry,"Lines, angles, and triangles",H
249d3f80,84bcf173-28fe-47bf-bf15-075592753ee0,Geometry and Trigonometry,Circles,H
fc5ef8d3,b6420961-9ecc-40b1-9203-ca168e783426,Geometry and Trigonometry,Area and volume,E
a4c05a1b,57d14ecb-ffd5-4286-be93-6ac79a3d7750,Geometry and Trigonometry,"Lines, angles, and triangles",M
38517165,39d02567-fb2f-4a7c-a802-69186c6a894f,Geometry and Trigonometry,Area and volume,M
ab176ad6,025406-DC,Geometry and Trigonometry,Circles,H
98c12e38,66a68c59-a01d-4c33-b54e-5a44e513c248,Geometry and Trigonometry,Area and volume,M
aa2d36fe,c2d6ad1f-5e60-4cc7-a1e8-cc677271772b,Geometry and Trigonometry,Circles,M
d3fe472f,c498bacc-713c-42ba-a2e4-bc873030515a,Geometry and Trigonometry,"Lines, angles, and triangles",M
f9d40000,b3738b72-9c5a-45b5-986b-00bb9643ab90,Geometry and Trigonometry,"Lines, angles, and triangles",E
0d3f51dc,32a77034-9666-46e7-b78c-a2b1427d5d9b,Geometry and Trigonometry,"Lines, angles, and triangles",E
fd8745fc,7ad5d0d9-6334-465a-9284-026de00b1ddf,Geometry and Trigonometry,"Lines, angles, and triangles",M
b434e103,5ca08c31-e18f-4cb7-837a-0814ebea3a8e,Geometry and Trigonometry,"Lines, angles, and triangles",E
3e577e4a,bf1e177f-7c4f-4d1a-9d5d-36f0191c1cde,Geometry and Trigonometry,Circles,H
62ec6574,70b95bcc-29ac-4b72-909d-c64fad3c9c1d,Geometry and Trigonometry,Area and volume,H
b0dc920d,06496-DC,Geometry and Trigonometry,Area and volume,H
2085e10e,c58fbfdc-93b3-4cba-83da-ffc2c85dd427,Geometry and Trigonometry,"Lines, angles, and triangles",M
689abc2a,77d41ee0-634a-4578-a6b0-6ec8687d2c0a,Geometry and Trigonometry,Area and volume,E
fa2771d5,87f88638-07ba-4370-ae6b-d743f0fba4ad,Geometry and Trigonometry,Circles,H
bbaac300,924b44e4-dcc1-47ff-ad3e-564a5a1991ef,Geometry and Trigonometry,Right triangles and trigonometry,E
55bb437a,00615-DC,Geometry and Trigonometry,Right triangles and trigonometry,H
c7bed21d,e99677cc-b481-49aa-b1e3-816b48a49b59,Geometry and Trigonometry,"Lines, angles, and triangles",M
fecc446d,a8b595d8-c45d-47e6-9ef2-b8a5d7a44e1c,Geometry and Trigonometry,"Lines, angles, and triangles",H
8e7689e0,00581-DC,Geometry and Trigonometry,Circles,M
69f4bbdc,d14a2fdd-4d09-4911-b363-67cb2fe299e3,Geometry and Trigonometry,"Lines, angles, and triangles",E
3563d76d,029526-DC,Geometry and Trigonometry,"Lines, angles, and triangles",E
c41eb616,8f2e34ca-40c9-466a-beaf-7b8cda35144d,Geometry and Trigonometry,"Lines, angles, and triangles",H
dfc420b2,022230-DC,Geometry and Trigonometry,"Lines, angles, and triangles",E
de550be0,137892dd-a025-491a-a463-42740b162c96,Geometry and Trigonometry,Right triangles and trigonometry,M
f2495de4,111ca09a-c599-4fa2-82b2-aee6b59db1ea,Geometry and Trigonometry,Circles,E
800e71b8,b577cfe0-fe0f-4d25-89d2-bdd6eeb5337d,Geometry and Trigonometry,Circles,M
901e3285,028920-DC,Geometry and Trigonometry,"Lines, angles, and triangles",M
bd7f6e30,11114-DC,Geometry and Trigonometry,"Lines, angles, and triangles",H
2adbf1b1,551e10b5-2f0d-4002-a399-823a818766b9,Geometry and Trigonometry,"Lines, angles, and triangles",M
6708546e,518073a0-4d7c-48ab-af96-3d1d19b33661,Geometry and Trigonometry,Area and volume,H
ffe862a3,4959ea4c-8faf-4a7c-9ef9-60dc6d45d751,Geometry and Trigonometry,Right triangles and trigonometry,H
24cec8d1,437a1594-67bd-4051-8026-2a747bd29288,Geometry and Trigonometry,Circles,H
8c1aa743,25288de3-8156-4952-8e45-10506cfad636,Geometry and Trigonometry,Area and volume,H
7268586c,96a4ec26-6ad9-4b3b-9ae1-693feee5691e,Geometry and Trigonometry,"Lines, angles, and triangles",E
44b2b894,4363b40f-7867-454b-a423-9aa19a6be480,Geometry and Trigonometry,Right triangles and trigonometry,H
7700d098,076bf06d-2022-480c-ada2-6ea25ff29991,Geometry and Trigonometry,Right triangles and trigonometry,M
0837c3b9,025774-DC,Geometry and Trigonometry,Area and volume,E
9e44284b,01735-DC,Geometry and Trigonometry,Circles,H
54df8076,081f3aa6-88ed-4da7-bc3a-e7bbfa7b4fca,Geometry and Trigonometry,Right triangles and trigonometry,H
014edcb7,2fc71dbf-343a-44f3-80ee-5b7f22a564da,Geometry and Trigonometry,"Lines, angles, and triangles",M
568d66a7,16428dd4-6b32-4580-ace2-d2dbf0505a76,Geometry and Trigonometry,Right triangles and trigonometry,H
322a6dfe,f05a0950-f543-4887-9b76-bb724f91cc50,Geometry and Trigonometry,"Lines, angles, and triangles",H
0e709a29,49178e05-53a1-4bcb-954a-708fc5b770ff,Geometry and Trigonometry,Right triangles and trigonometry,H
a6097ec2,2a386242-ddf5-4a21-9745-32467fe7a279,Geometry and Trigonometry,Right triangles and trigonometry,E
eeb4143c,070631-DC,Geometry and Trigonometry,"Lines, angles, and triangles",H
5b2b8866,c19a1158-3fde-4af0-be5d-79e3722ddf7e,Geometry and Trigonometry,Area and volume,H
fc8aa563,af30d73b-01f0-4546-bd51-0d5af9b64d57,Geometry and Trigonometry,Circles,M
9f934297,395e8a55-7af9-456e-a433-3d4a89ade971,Geometry and Trigonometry,Area and volume,H
2855cb58,93083ace-02bf-4d1e-9794-d51ec7697e04,Geometry and Trigonometry,Circles,H
575f1e12,c2922131-fa53-47c8-b19a-4f809b49ffe3,Geometry and Trigonometry,Area and volume,E
74d8b897,408558ac-8ac7-4c5e-ad29-a40f145bdcfb,Geometry and Trigonometry,Circles,M
b4767bef,f06ed67a-28a2-4bfe-9834-47786c3571e8,Geometry and Trigonometry,Area and volume,E
ee540927,6899531e-bbaf-4fee-900a-53c4fc396050,Geometry and Trigonometry,Circles,M
dc71597b,032655-DC,Geometry and Trigonometry,Area and volume,H
410bdbe6,029330-DC,Geometry and Trigonometry,"Lines, angles, and triangles",E
a0cacec1,889ad56f-33a9-4c3b-b4d8-24aba4870171,Geometry and Trigonometry,Circles,M
1b2b20b9,a60b410d-c043-4ee9-8579-74c1c9e9aad2,Geometry and Trigonometry,Circles,H
f811d345,ae6da77a-4de7-4375-a532-b00350663a9f,Geometry and Trigonometry,Right triangles and trigonometry,H
c9931030,84b26634-2244-45e6-8504-ea367a0f2049,Geometry and Trigonometry,Right triangles and trigonometry,H
a456f28c,a79dbc7d-8d01-40c4-8900-15940eeff7d7,Geometry and Trigonometry,"Lines, angles, and triangles",E
9823f279,2ea4a48a-1af7-4130-bdcd-0c54f14d34be,Geometry and Trigonometry,Right triangles and trigonometry,M
087cdcfd,029285-DC,Geometry and Trigonometry,"Lines, angles, and triangles",E
6ae1360d,7ffcadaa-3611-4602-92ad-c14085a27aef,Geometry and Trigonometry,Area and volume,M
c88183f7,60500dd8-893a-4fea-903d-de896120774c,Geometry and Trigonometry,Area and volume,E
6933b3d9,05777-DC,Geometry and Trigonometry,Right triangles and trigonometry,H
afa3c48b,095e8ea4-b798-4679-8448-1de5fc94090d,Geometry and Trigonometry,"Lines, angles, and triangles",E
9ec76b54,b479bf47-357b-4283-81e0-02fa0f919256,Geometry and Trigonometry,Right triangles and trigonometry,M
992f4e93,08250-DC,Geometry and Trigonometry,"Lines, angles, and triangles",E
f1747a6a,6145108f-5273-4b08-afde-8e75072e2eef,Geometry and Trigonometry,"Lines, angles, and triangles",E
23c5fcce,08358-DC,Geometry and Trigonometry,Circles,E
f1c1e971,0f1a7b12-733e-45ba-a7fc-021a951885f5,Geometry and Trigonometry,Circles,M
6ab30ce3,8c6f39d2-0804-4eb5-8c97-b801dcd8a2e8,Geometry and Trigonometry,Right triangles and trigonometry,H
1c3d613c,027209-DC,Geometry and Trigonometry,"Lines, angles, and triangles",M
2d521ca9,94dce764-2378-4b26-b4b0-980f97c7224f,Geometry and Trigonometry,Circles,M
9acd101f,a786b147-72b1-4d1e-b373-354a8186f3a8,Geometry and Trigonometry,Circles,H
e9c5bfb2,cc551413-74ed-4f97-8552-a6ef542a8584,Geometry and Trigonometry,Area and volume,M
48fb6483,c7393c8f-4256-438b-bd7c-1da38024e64c,Geometry and Trigonometry,"Lines, angles, and triangles",H
244ff6c4,97ba1ce7-b7c6-4164-bd91-cbae30d8e22a,Geometry and Trigonometry,Circles,H
010243e6,c48a5175-a810-4a78-babf-4e18402eb1a3,Geometry and Trigonometry,"Lines, angles, and triangles",H
08b7a3f5,357b0938-dcf1-4984-934a-7d55d036717a,Geometry and Trigonometry,Area and volume,M
1318dfea,4c3d0cff-974b-43c0-be0a-e9085cd5448d,Geometry and Trigonometry,"Lines, angles, and triangles",H
5733ce30,027075-DC,Geometry and Trigonometry,"Lines, angles, and triangles",E
0acfddb5,d5ce6f43-c646-4b30-bf82-ba8eaf2f70bf,Geometry and Trigonometry,Circles,H
7a8ad237,e8922caa-569e-45e5-9744-1704932fd187,Geometry and Trigonometry,"Lines, angles, and triangles",M
50774285,786b1f64-6764-44c0-a7d6-75880720fc77,Geometry and Trigonometry,Area and volume,E
3b4b5b1e,823ebf16-5273-4421-aeea-7ddb20cca4fd,Geometry and Trigonometry,"Lines, angles, and triangles",E
29e9b28c,2fcb111d-48d0-4ee3-925e-0ffeec3615a4,Geometry and Trigonometry,Area and volume,E
5b4757df,21c2c201-137b-4fd3-9fa4-520c318b5319,Geometry and Trigonometry,"Lines, angles, and triangles",H
ca2235f6,1597b05c-5fdb-4f34-a5b2-e92fa92dc557,Geometry and Trigonometry,Circles,H
856372ca,028868-DC,Geometry and Trigonometry,Circles,M
cf0d3050,b09e0918-6dfc-4b50-b503-bbdd89fe3480,Geometry and Trigonometry,"Lines, angles, and triangles",E
0bb39de4,4d53ed15-713b-4aa2-8943-17060404b617,Geometry and Trigonometry,"Lines, angles, and triangles",E
1be8b6b2,aa19a0c6-76f9-4d66-b105-5e444ac3faec,Geometry and Trigonometry,Area and volume,H
9c0a0eca,7c5d80a9-e593-4cf8-b36b-bd89ed6226c7,Geometry and Trigonometry,Area and volume,M
9d159400,78306704-22d8-4501-a060-e7b7995c3ceb,Geometry and Trigonometry,Circles,H
379ffefb,c15bdfb8-01a8-4d34-9cc6-822ca3108767,Geometry and Trigonometry,Right triangles and trigonometry,E
bf8d843e,04175-DC,Geometry and Trigonometry,Right triangles and trigonometry,M
3453aafc,f5e0aefd-1908-42ec-9072-52390bef3063,Geometry and Trigonometry,Area and volume,E
aef4fd8a,d1c64540-1ef9-4449-9ccf-d158b23af654,Geometry and Trigonometry,Area and volume,M
43236565,af58075c-8456-4696-8179-6c1a86044478,Geometry and Trigonometry,"Lines, angles, and triangles",E
981275d2,11301-DC,Geometry and Trigonometry,Circles,H
89661424,51707cf8-d699-4a87-a4c7-1cf41c8e4d28,Geometry and Trigonometry,Circles,H
196e8e6e,f85fd217-961b-4d79-9d31-21aca15bd9e2,Geometry and Trigonometry,Circles,H
d03e29f1,5235bd99-6451-4d06-9e8e-2810669a0c43,Geometry and Trigonometry,Circles,E
7c25b0dc,575135d8-2a82-4346-993f-f5d9b5921696,Geometry and Trigonometry,Right triangles and trigonometry,H
36661021,21685f5b-1a79-4984-81ee-932431a02a7a,Geometry and Trigonometry,Right triangles and trigonometry,E
e80d62c6,29baf634-1e61-4b33-9cbd-19d88be26e72,Geometry and Trigonometry,Circles,H
f243c383,5c9efc7d-a1db-4027-b9b5-a10ca2abedcd,Geometry and Trigonometry,Area and volume,H
95ba2d09,025648-DC,Geometry and Trigonometry,Circles,M
adae6543,9f3f179f-7ad7-4230-8a40-f348dbb4881a,Geometry and Trigonometry,"Lines, angles, and triangles",H
6dd463ca,029403-DC,Geometry and Trigonometry,"Lines, angles, and triangles",M
0815a5af,28b7a76a-9194-4446-b1c9-e00fb73bc3c8,Geometry and Trigonometry,Circles,M
f731d88b,23141598-61c1-4eb9-a3fc-9ffb6c807ef1,Geometry and Trigonometry,"Lines, angles, and triangles",H
93de3f84,05721-DC,Geometry and Trigonometry,Area and volume,H
16d66178,5bf76a41-5cb0-4d02-8d3a-4c2fc8668b3a,Geometry and Trigonometry,Right triangles and trigonometry,H
5b918ebb,8d0aca2e-6014-42d2-adde-c7e271bac2be,Geometry and Trigonometry,"Lines, angles, and triangles",E
c9f8d1e9,5466f88b-12d1-4e2d-a8ae-304ba95ffcae,Geometry and Trigonometry,Right triangles and trigonometry,E
f60bb551,2cc3f845-5222-4c22-8764-9d19c7b188fb,Geometry and Trigonometry,Area and volume,E
d2047497,a5cc3d06-5c10-40d6-bfec-b01230ec82b8,Geometry and Trigonometry,Area and volume,E
a71617d3,c9527c06-e018-47ad-b3bf-4779309e09b7,Geometry and Trigonometry,Right triangles and trigonometry,M
a5aee181,ef234bbf-719d-4bc2-a841-937a532d135b,Geometry and Trigonometry,Right triangles and trigonometry,M
4efea6a3,2bde9f21-d49c-42af-b7ec-38c87b242d02,Geometry and Trigonometry,Area and volume,E
fb58c0db,070632-DC,Geometry and Trigonometry,Circles,H
ae041e52,fa02652e-89a4-4784-990e-fd5f06d65862,Geometry and Trigonometry,Right triangles and trigonometry,H
c6dff223,2ec14ac8-bf5b-46cc-8993-b907b006b31c,Geometry and Trigonometry,Right triangles and trigonometry,H
eb70d2d0,8f07857d-c0af-4793-9305-0e414671d257,Geometry and Trigonometry,Area and volume,H
64d1f49f,c6b681f6-504a-4e3a-8c73-a1cc8632d86b,Geometry and Trigonometry,"Lines, angles, and triangles",E
f329442c,64a7c0bf-065d-47a5-a938-4a1fabad6933,Geometry and Trigonometry,Area and volume,H
f39f88b7,7b4cffc9-9565-413b-810d-67d7f92aa56e,Geometry and Trigonometry,Area and volume,E
92eb236a,028928-DC,Geometry and Trigonometry,Right triangles and trigonometry,H
ae33e0a1,f60d8609-7495-41f1-a588-c1fdce04101d,Geometry and Trigonometry,Area and volume,M
13d9a1c3,09170-DC,Geometry and Trigonometry,Right triangles and trigonometry,M
76670c80,1e523d74-12a9-4f3a-8279-13ec77276c13,Geometry and Trigonometry,Area and volume,E
17912810,33267cea-2b74-4c39-98b4-c53cd17a378d,Geometry and Trigonometry,"Lines, angles, and triangles",H
4420e500,76f07394-0a95-4e65-86b8-e42618d65c92,Geometry and Trigonometry,Area and volume,E
099526fc,c682f49c-ee6e-439a-a3c9-64f6aab47176,Geometry and Trigonometry,Area and volume,H
c4e5e23c,0103767c-8ef7-4ec8-a9fb-3a3fa9a5469f,Geometry and Trigonometry,Area and volume,M
a67b9f88,3e66c309-612d-4f4e-90d5-3132cd7909e6,Geometry and Trigonometry,Right triangles and trigonometry,H
165c30c4,7ce3a2e8-bebb-4040-84e7-3f30170327e3,Geometry and Trigonometry,Area and volume,E
694b7fce,017fc25c-1859-481d-88b6-98502365109e,Geometry and Trigonometry,"Lines, angles, and triangles",H
f7e626b2,038033-DC,Geometry and Trigonometry,Area and volume,H
585a9138,715c4c96-5aac-4b8c-9adb-e5f7c886e5e6,Geometry and Trigonometry,"Lines, angles, and triangles",M
2be01bd9,ddfe8011-1fec-4e7d-81bb-e842017e4525,Geometry and Trigonometry,Right triangles and trigonometry,H
3828f53d,08194-DC,Geometry and Trigonometry,"Lines, angles, and triangles",E
a38c0183,a17099a6-ebb4-4a44-aaf9-5dd8051a2c25,Geometry and Trigonometry,Circles,H
739f1bbc,b693eec7-7a41-4127-adf6-bb6bf263019b,Geometry and Trigonometry,"Lines, angles, and triangles",E
dba6a25a,05758-DC,Geometry and Trigonometry,Right triangles and trigonometry,H
c984f1a5,5b086c61-e308-4d87-b595-7b21a6d05163,Geometry and Trigonometry,Area and volume,H
acd30391,10166-DC,Geometry and Trigonometry,Circles,H
4ff7b652,64da6245-4314-4da9-817e-46dcdd9dc29d,Geometry and Trigonometry,"Lines, angles, and triangles",M
8027db3f,13cc44bf-f2ac-4f02-ac05-440e4b894f96,Geometry and Trigonometry,Right triangles and trigonometry,H
e0d2e21a,c6d50efa-46fb-4406-9c84-8c8d2ab9e927,Geometry and Trigonometry,"Lines, angles, and triangles",E
cecbdeba,d0ab21dc-5c27-4da2-a45b-fa400982d6bc,Geometry and Trigonometry,Area and volume,M
42b4493b,2b0e8838-4d1b-4eaf-9a92-439aa05ee874,Geometry and Trigonometry,"Lines, angles, and triangles",E
d683a9cc,027084-DC,Geometry and Trigonometry,Area and volume,E
1bf809b5,9312f237-66e1-4380-a28d-185ceec5d2ab,Geometry and Trigonometry,Right triangles and trigonometry,H
14e7c1f4,889dae43-01c0-449b-abd7-1a385a85c6a7,Geometry and Trigonometry,Right triangles and trigonometry,H
a2e76b60,00113-DC,Geometry and Trigonometry,Area and volume,M
468613c0,ea4fb9f5-47ef-4d74-89e2-5f8e44710904,Geometry and Trigonometry,Area and volume,M
145337bc,7e480092-1ead-484d-8b6f-5c6417fa9d9f,Geometry and Trigonometry,Right triangles and trigonometry,E
36200a38,14890-DC,Geometry and Trigonometry,"Lines, angles, and triangles",E
a490003a,ca7c086a-76e8-4959-b23f-94d448a1c1c3,Geometry and Trigonometry,Area and volume,E
95ca2683,05a3c218-67ad-4fcc-a95c-61a1756c68c5,Geometry and Trigonometry,"Lines, angles, and triangles",M
306264ab,95dd10f0-9b55-4202-a756-91f1ede906ac,Geometry and Trigonometry,Area and volume,H
6a3fbec3,070630-DC,Geometry and Trigonometry,"Lines, angles, and triangles",H
37dde49f,070925-DC,Geometry and Trigonometry,Area and volume,M
f67255ea,3d5eb413-328a-4e40-88e5-debcb6d91aad,Geometry and Trigonometry,"Lines, angles, and triangles",H
02b02213,cde76af2-5837-4a16-aae2-109dd079e384,Geometry and Trigonometry,Area and volume,E
82c8325f,10d4dc39-2d6d-4fb6-8cc4-828292d3cbe0,Geometry and Trigonometry,Circles,M
459dd6c5,9657587b-66c2-4743-91d3-22e3bf8ab94e,Geometry and Trigonometry,Area and volume,H
603c18ad,8ee41a37-b82e-4974-ab8e-ab0531faca66,Geometry and Trigonometry,Right triangles and trigonometry,H
6585d841,cf2ac41c-6770-4663-bc5c-fdcc886db696,Geometry and Trigonometry,Circles,H
3b44439b,2e29358e-5d5c-485d-bea8-cb085eba5056,Geometry and Trigonometry,"Lines, angles, and triangles",E
1efd7ef3,8440c7b5-f1af-40ac-839d-ad1fdfe3d955,Geometry and Trigonometry,Circles,H
9d2e7037,5a173e5b-ac90-4f05-806e-fe38d80fcfd9,Geometry and Trigonometry,Area and volume,E
25da87f8,09173-DC,Geometry and Trigonometry,Right triangles and trigonometry,H
310c87fe,025459-DC,Geometry and Trigonometry,Area and volume,H
cf53cb56,038021-DC,Geometry and Trigonometry,Area and volume,M
b96ff36e,d79e2a0a-e6b4-473c-86f6-8d246a9ae3e9,Geometry and Trigonometry,Circles,M
